[*] [日誌系統] 執行日誌檔案已建立: D:\MyProject\stock_data_downloader\logs\crawler_all_20260916_233908.log
[✓] 【開盤日確認】2026-09-16 為台股正常營業日，爬蟲正常啟動！
==================================================
[2026-09-16 23:39:09] [*] 全市場台股分點買賣日報表統一調度控制器 (Coordinator) 啟動
[2026-09-16 23:39:09] [*] 啟動時間: 2026-09-16 23:39:09
[2026-09-16 23:39:09] [*] 執行交易日期: 2026-09-16
[2026-09-16 23:39:09] [*] 目標市場範疇 (Market): ALL (產檔規格: api_absr1_2026-09-16_2026-09-16.parquet)
[2026-09-16 23:39:09] [*] 併發配置: TWSE 上市 1 Workers (純HTTP高速) | TPEX 上櫃 1 Workers (CDP瀏覽器穩健)
[2026-09-16 23:39:09] [*] 上市最大補抓輪數: 10 輪
[2026-09-16 23:39:09] [*] 成果輸出路徑: D:\MyProject\stock_data_downloader\output
==================================================
[2026-09-16 23:39:09] >>> [階段 1/2] 啟動 TWSE 上市股票分點抓取 (1 Workers, 最多 10 輪安全補抓)...
[2026-09-16 23:39:10] [*] 取得上市標的清單: 1371 檔 (分片 1/1)
==================================================
[*] TWSE 上市券商買賣日報表爬蟲 (10 輪終極自適應安全防護版)
[*] 目標交易日期: 2026-09-16
[*] 待抓取標的數: 1371 檔
[*] 並行執行緒數: 1 Workers (第 1 輪)
[*] 最大補抓輪數: 10 輪 (含第 10 輪深度收斂跑到完機制)
==================================================
[*] 成功載入專用 TWSE CNN 驗證碼模型 (辨識率 98%+)
WARNING:tensorflow:TensorFlow GPU support is not available on native Windows for TensorFlow >= 2.11. Even if CUDA/cuDNN are installed, GPU will not be used. Please use WSL2 or the TensorFlow-DirectML plugin.
[23:39:52] [第1輪 進度 15/1371 (1.1%)] 成功: 15 檔 | 明確無資料: 0 檔 | 技術待補: 0 檔 | 累積: 7,608 筆 | 速度: 0.4 檔/s | 剩餘約: 64.3 分鐘
[23:40:31] [第1輪 進度 30/1371 (2.2%)] 成功: 29 檔 | 明確無資料: 0 檔 | 技術待補: 1 檔 | 累積: 11,059 筆 | 速度: 0.4 檔/s | 剩餘約: 61.1 分鐘
[23:41:30] [第1輪 進度 45/1371 (3.3%)] 成功: 34 檔 | 明確無資料: 0 檔 | 技術待補: 11 檔 | 累積: 11,631 筆 | 速度: 0.3 檔/s | 剩餘約: 69.0 分鐘
[23:41:58] [第1輪 進度 60/1371 (4.4%)] 成功: 49 檔 | 明確無資料: 0 檔 | 技術待補: 11 檔 | 累積: 13,543 筆 | 速度: 0.4 檔/s | 剩餘約: 61.3 分鐘
[23:42:38] [第1輪 進度 75/1371 (5.5%)] 成功: 60 檔 | 明確無資料: 0 檔 | 技術待補: 15 檔 | 累積: 15,081 筆 | 速度: 0.4 檔/s | 剩餘約: 59.9 分鐘
[23:43:04] [第1輪 進度 90/1371 (6.6%)] 成功: 75 檔 | 明確無資料: 0 檔 | 技術待補: 15 檔 | 累積: 17,442 筆 | 速度: 0.4 檔/s | 剩餘約: 55.6 分鐘
[23:43:45] [第1輪 進度 105/1371 (7.7%)] 成功: 88 檔 | 明確無資料: 0 檔 | 技術待補: 17 檔 | 累積: 19,513 筆 | 速度: 0.4 檔/s | 剩餘約: 55.4 分鐘
[23:44:14] [第1輪 進度 120/1371 (8.8%)] 成功: 103 檔 | 明確無資料: 0 檔 | 技術待補: 17 檔 | 累積: 22,315 筆 | 速度: 0.4 檔/s | 剩餘約: 52.8 分鐘
[23:44:47] [第1輪 進度 135/1371 (9.8%)] 成功: 116 檔 | 明確無資料: 0 檔 | 技術待補: 19 檔 | 累積: 26,634 筆 | 速度: 0.4 檔/s | 剩餘約: 51.6 分鐘
[23:45:18] [第1輪 進度 150/1371 (10.9%)] 成功: 130 檔 | 明確無資料: 0 檔 | 技術待補: 20 檔 | 累積: 29,352 筆 | 速度: 0.4 檔/s | 剩餘約: 50.0 分鐘
[23:46:09] [第1輪 進度 165/1371 (12.0%)] 成功: 138 檔 | 明確無資料: 0 檔 | 技術待補: 27 檔 | 累積: 31,980 筆 | 速度: 0.4 檔/s | 剩餘約: 51.1 分鐘
[23:46:54] [第1輪 進度 180/1371 (13.1%)] 成功: 148 檔 | 明確無資料: 0 檔 | 技術待補: 32 檔 | 累積: 34,820 筆 | 速度: 0.4 檔/s | 剩餘約: 51.3 分鐘
[23:47:35] [第1輪 進度 195/1371 (14.2%)] 成功: 157 檔 | 明確無資料: 0 檔 | 技術待補: 38 檔 | 累積: 36,984 筆 | 速度: 0.4 檔/s | 剩餘約: 50.8 分鐘
[23:48:46] [第1輪 進度 210/1371 (15.3%)] 成功: 157 檔 | 明確無資料: 0 檔 | 技術待補: 53 檔 | 累積: 36,984 筆 | 速度: 0.4 檔/s | 剩餘約: 53.1 分鐘
[23:49:27] [第1輪 進度 225/1371 (16.4%)] 成功: 166 檔 | 明確無資料: 0 檔 | 技術待補: 59 檔 | 累積: 40,463 筆 | 速度: 0.4 檔/s | 剩餘約: 52.4 分鐘
[23:49:58] [第1輪 進度 240/1371 (17.5%)] 成功: 179 檔 | 明確無資料: 0 檔 | 技術待補: 61 檔 | 累積: 44,879 筆 | 速度: 0.4 檔/s | 剩餘約: 50.9 分鐘
[23:50:31] [第1輪 進度 255/1371 (18.6%)] 成功: 191 檔 | 明確無資料: 0 檔 | 技術待補: 64 檔 | 累積: 44,941 筆 | 速度: 0.4 檔/s | 剩餘約: 49.7 分鐘
[23:50:57] [第1輪 進度 270/1371 (19.7%)] 成功: 206 檔 | 明確無資料: 0 檔 | 技術待補: 64 檔 | 累積: 47,550 筆 | 速度: 0.4 檔/s | 剩餘約: 48.1 分鐘
[23:51:34] [第1輪 進度 285/1371 (20.8%)] 成功: 217 檔 | 明確無資料: 0 檔 | 技術待補: 68 檔 | 累積: 49,051 筆 | 速度: 0.4 檔/s | 剩餘約: 47.3 分鐘
[23:52:49] [第1輪 進度 300/1371 (21.9%)] 成功: 217 檔 | 明確無資料: 0 檔 | 技術待補: 83 檔 | 累積: 49,051 筆 | 速度: 0.4 檔/s | 剩餘約: 48.7 分鐘
[23:53:20] [第1輪 進度 315/1371 (23.0%)] 成功: 231 檔 | 明確無資料: 0 檔 | 技術待補: 84 檔 | 累積: 51,713 筆 | 速度: 0.4 檔/s | 剩餘約: 47.5 分鐘
[23:53:52] [第1輪 進度 330/1371 (24.1%)] 成功: 244 檔 | 明確無資料: 0 檔 | 技術待補: 86 檔 | 累積: 52,712 筆 | 速度: 0.4 檔/s | 剩餘約: 46.4 分鐘
[23:54:29] [第1輪 進度 345/1371 (25.2%)] 成功: 256 檔 | 明確無資料: 0 檔 | 技術待補: 89 檔 | 累積: 53,616 筆 | 速度: 0.4 檔/s | 剩餘約: 45.6 分鐘
[23:55:22] [第1輪 進度 360/1371 (26.3%)] 成功: 264 檔 | 明確無資料: 0 檔 | 技術待補: 96 檔 | 累積: 55,817 筆 | 速度: 0.4 檔/s | 剩餘約: 45.5 分鐘
[23:56:16] [第1輪 進度 375/1371 (27.4%)] 成功: 269 檔 | 明確無資料: 0 檔 | 技術待補: 106 檔 | 累積: 57,028 筆 | 速度: 0.4 檔/s | 剩餘約: 45.4 分鐘
[23:57:25] [第1輪 進度 390/1371 (28.4%)] 成功: 269 檔 | 明確無資料: 0 檔 | 技術待補: 121 檔 | 累積: 57,028 筆 | 速度: 0.4 檔/s | 剩餘約: 45.9 分鐘
[23:58:27] [第1輪 進度 405/1371 (29.5%)] 成功: 272 檔 | 明確無資料: 0 檔 | 技術待補: 133 檔 | 累積: 57,639 筆 | 速度: 0.3 檔/s | 剩餘約: 46.0 分鐘
[23:58:59] [第1輪 進度 420/1371 (30.6%)] 成功: 286 檔 | 明確無資料: 0 檔 | 技術待補: 134 檔 | 累積: 60,638 筆 | 速度: 0.4 檔/s | 剩餘約: 44.9 分鐘
[23:59:28] [第1輪 進度 435/1371 (31.7%)] 成功: 300 檔 | 明確無資料: 0 檔 | 技術待補: 135 檔 | 累積: 64,524 筆 | 速度: 0.4 檔/s | 剩餘約: 43.7 分鐘
[00:00:15] [第1輪 進度 450/1371 (32.8%)] 成功: 310 檔 | 明確無資料: 0 檔 | 技術待補: 140 檔 | 累積: 66,248 筆 | 速度: 0.4 檔/s | 剩餘約: 43.2 分鐘
[00:00:47] [第1輪 進度 465/1371 (33.9%)] 成功: 324 檔 | 明確無資料: 0 檔 | 技術待補: 141 檔 | 累積: 68,778 筆 | 速度: 0.4 檔/s | 剩餘約: 42.1 分鐘
[00:01:32] [第1輪 進度 480/1371 (35.0%)] 成功: 333 檔 | 明確無資料: 0 檔 | 技術待補: 147 檔 | 累積: 69,966 筆 | 速度: 0.4 檔/s | 剩餘約: 41.5 分鐘
[00:02:17] [第1輪 進度 495/1371 (36.1%)] 成功: 344 檔 | 明確無資料: 0 檔 | 技術待補: 151 檔 | 累積: 73,023 筆 | 速度: 0.4 檔/s | 剩餘約: 40.9 分鐘
[00:03:01] [第1輪 進度 510/1371 (37.2%)] 成功: 352 檔 | 明確無資料: 0 檔 | 技術待補: 158 檔 | 累積: 74,706 筆 | 速度: 0.4 檔/s | 剩餘約: 40.3 分鐘
[00:03:32] [第1輪 進度 525/1371 (38.3%)] 成功: 367 檔 | 明確無資料: 0 檔 | 技術待補: 158 檔 | 累積: 77,968 筆 | 速度: 0.4 檔/s | 剩餘約: 39.3 分鐘
[00:04:07] [第1輪 進度 540/1371 (39.4%)] 成功: 381 檔 | 明確無資料: 0 檔 | 技術待補: 159 檔 | 累積: 86,255 筆 | 速度: 0.4 檔/s | 剩餘約: 38.4 分鐘
[00:04:35] [第1輪 進度 555/1371 (40.5%)] 成功: 395 檔 | 明確無資料: 0 檔 | 技術待補: 160 檔 | 累積: 93,991 筆 | 速度: 0.4 檔/s | 剩餘約: 37.4 分鐘
[00:05:31] [第1輪 進度 570/1371 (41.6%)] 成功: 400 檔 | 明確無資料: 0 檔 | 技術待補: 170 檔 | 累積: 95,948 筆 | 速度: 0.4 檔/s | 剩餘約: 37.0 分鐘
[00:05:59] [第1輪 進度 585/1371 (42.7%)] 成功: 414 檔 | 明確無資料: 0 檔 | 技術待補: 171 檔 | 累積: 101,908 筆 | 速度: 0.4 檔/s | 剩餘約: 36.1 分鐘
[00:06:49] [第1輪 進度 600/1371 (43.8%)] 成功: 421 檔 | 明確無資料: 0 檔 | 技術待補: 179 檔 | 累積: 105,163 筆 | 速度: 0.4 檔/s | 剩餘約: 35.5 分鐘
[00:07:59] [第1輪 進度 615/1371 (44.9%)] 成功: 421 檔 | 明確無資料: 0 檔 | 技術待補: 194 檔 | 累積: 105,163 筆 | 速度: 0.4 檔/s | 剩餘約: 35.4 分鐘
[00:08:55] [第1輪 進度 630/1371 (46.0%)] 成功: 427 檔 | 明確無資料: 0 檔 | 技術待補: 203 檔 | 累積: 106,698 筆 | 速度: 0.4 檔/s | 剩餘約: 35.0 分鐘
[00:09:38] [第1輪 進度 645/1371 (47.0%)] 成功: 435 檔 | 明確無資料: 0 檔 | 技術待補: 210 檔 | 累積: 110,211 筆 | 速度: 0.4 檔/s | 剩餘約: 34.3 分鐘
[00:10:13] [第1輪 進度 660/1371 (48.1%)] 成功: 448 檔 | 明確無資料: 0 檔 | 技術待補: 212 檔 | 累積: 114,902 筆 | 速度: 0.4 檔/s | 剩餘約: 33.5 分鐘
[00:10:43] [第1輪 進度 675/1371 (49.2%)] 成功: 462 檔 | 明確無資料: 0 檔 | 技術待補: 213 檔 | 累積: 115,916 筆 | 速度: 0.4 檔/s | 剩餘約: 32.5 分鐘
[00:11:43] [第1輪 進度 690/1371 (50.3%)] 成功: 465 檔 | 明確無資料: 0 檔 | 技術待補: 225 檔 | 累積: 117,208 筆 | 速度: 0.4 檔/s | 剩餘約: 32.1 分鐘
[00:12:14] [第1輪 進度 705/1371 (51.4%)] 成功: 479 檔 | 明確無資料: 0 檔 | 技術待補: 226 檔 | 累積: 121,697 筆 | 速度: 0.4 檔/s | 剩餘約: 31.2 分鐘
[00:12:47] [第1輪 進度 720/1371 (52.5%)] 成功: 492 檔 | 明確無資料: 0 檔 | 技術待補: 228 檔 | 累積: 123,939 筆 | 速度: 0.4 檔/s | 剩餘約: 30.4 分鐘
[00:13:53] [第1輪 進度 735/1371 (53.6%)] 成功: 492 檔 | 明確無資料: 0 檔 | 技術待補: 243 檔 | 累積: 123,939 筆 | 速度: 0.4 檔/s | 剩餘約: 30.0 分鐘
[00:14:35] [第1輪 進度 750/1371 (54.7%)] 成功: 502 檔 | 明確無資料: 0 檔 | 技術待補: 248 檔 | 累積: 126,942 筆 | 速度: 0.4 檔/s | 剩餘約: 29.3 分鐘
[00:15:47] [第1輪 進度 765/1371 (55.8%)] 成功: 502 檔 | 明確無資料: 0 檔 | 技術待補: 263 檔 | 累積: 126,942 筆 | 速度: 0.3 檔/s | 剩餘約: 29.0 分鐘
[00:16:24] [第1輪 進度 780/1371 (56.9%)] 成功: 514 檔 | 明確無資料: 0 檔 | 技術待補: 266 檔 | 累積: 128,455 筆 | 速度: 0.3 檔/s | 剩餘約: 28.2 分鐘
[00:16:58] [第1輪 進度 795/1371 (58.0%)] 成功: 529 檔 | 明確無資料: 0 檔 | 技術待補: 266 檔 | 累積: 131,775 筆 | 速度: 0.4 檔/s | 剩餘約: 27.4 分鐘
[00:17:52] [第1輪 進度 810/1371 (59.1%)] 成功: 535 檔 | 明確無資料: 0 檔 | 技術待補: 275 檔 | 累積: 134,704 筆 | 速度: 0.3 檔/s | 剩餘約: 26.8 分鐘
[00:18:42] [第1輪 進度 825/1371 (60.2%)] 成功: 542 檔 | 明確無資料: 0 檔 | 技術待補: 283 檔 | 累積: 137,669 筆 | 速度: 0.3 檔/s | 剩餘約: 26.2 分鐘
[00:19:51] [第1輪 進度 840/1371 (61.3%)] 成功: 542 檔 | 明確無資料: 0 檔 | 技術待補: 298 檔 | 累積: 137,669 筆 | 速度: 0.3 檔/s | 剩餘約: 25.7 分鐘
[00:20:57] [第1輪 進度 855/1371 (62.4%)] 成功: 542 檔 | 明確無資料: 0 檔 | 技術待補: 313 檔 | 累積: 137,669 筆 | 速度: 0.3 檔/s | 剩餘約: 25.2 分鐘
[00:21:27] [第1輪 進度 870/1371 (63.5%)] 成功: 556 檔 | 明確無資料: 0 檔 | 技術待補: 314 檔 | 累積: 140,509 筆 | 速度: 0.3 檔/s | 剩餘約: 24.4 分鐘
[00:22:39] [第1輪 進度 885/1371 (64.6%)] 成功: 556 檔 | 明確無資料: 0 檔 | 技術待補: 329 檔 | 累積: 140,509 筆 | 速度: 0.3 檔/s | 剩餘約: 23.9 分鐘
[00:23:18] [第1輪 進度 900/1371 (65.6%)] 成功: 567 檔 | 明確無資料: 0 檔 | 技術待補: 333 檔 | 累積: 143,413 筆 | 速度: 0.3 檔/s | 剩餘約: 23.1 分鐘
[00:24:06] [第1輪 進度 915/1371 (66.7%)] 成功: 574 檔 | 明確無資料: 0 檔 | 技術待補: 341 檔 | 累積: 146,515 筆 | 速度: 0.3 檔/s | 剩餘約: 22.4 分鐘
[00:24:47] [第1輪 進度 930/1371 (67.8%)] 成功: 584 檔 | 明確無資料: 0 檔 | 技術待補: 346 檔 | 累積: 149,776 筆 | 速度: 0.3 檔/s | 剩餘約: 21.6 分鐘
[00:25:46] [第1輪 進度 945/1371 (68.9%)] 成功: 587 檔 | 明確無資料: 0 檔 | 技術待補: 358 檔 | 累積: 150,142 筆 | 速度: 0.3 檔/s | 剩餘約: 21.0 分鐘
[00:26:30] [第1輪 進度 960/1371 (70.0%)] 成功: 597 檔 | 明確無資料: 0 檔 | 技術待補: 363 檔 | 累積: 151,475 筆 | 速度: 0.3 檔/s | 剩餘約: 20.3 分鐘
[00:27:10] [第1輪 進度 975/1371 (71.1%)] 成功: 607 檔 | 明確無資料: 0 檔 | 技術待補: 368 檔 | 累積: 153,382 筆 | 速度: 0.3 檔/s | 剩餘約: 19.5 分鐘
[00:27:38] [第1輪 進度 990/1371 (72.2%)] 成功: 621 檔 | 明確無資料: 0 檔 | 技術待補: 369 檔 | 累積: 157,047 筆 | 速度: 0.3 檔/s | 剩餘約: 18.7 分鐘
[00:28:09] [第1輪 進度 1005/1371 (73.3%)] 成功: 635 檔 | 明確無資料: 0 檔 | 技術待補: 370 檔 | 累積: 162,596 筆 | 速度: 0.3 檔/s | 剩餘約: 17.8 分鐘
[00:29:05] [第1輪 進度 1020/1371 (74.4%)] 成功: 640 檔 | 明確無資料: 0 檔 | 技術待補: 380 檔 | 累積: 162,881 筆 | 速度: 0.3 檔/s | 剩餘約: 17.2 分鐘
[00:30:11] [第1輪 進度 1035/1371 (75.5%)] 成功: 640 檔 | 明確無資料: 0 檔 | 技術待補: 395 檔 | 累積: 162,881 筆 | 速度: 0.3 檔/s | 剩餘約: 16.6 分鐘
[00:31:18] [第1輪 進度 1050/1371 (76.6%)] 成功: 640 檔 | 明確無資料: 0 檔 | 技術待補: 410 檔 | 累積: 162,881 筆 | 速度: 0.3 檔/s | 剩餘約: 15.9 分鐘
[00:32:26] [第1輪 進度 1065/1371 (77.7%)] 成功: 641 檔 | 明確無資料: 0 檔 | 技術待補: 424 檔 | 累積: 162,974 筆 | 速度: 0.3 檔/s | 剩餘約: 15.3 分鐘
[00:32:54] [第1輪 進度 1080/1371 (78.8%)] 成功: 656 檔 | 明確無資料: 0 檔 | 技術待補: 424 檔 | 累積: 166,678 筆 | 速度: 0.3 檔/s | 剩餘約: 14.5 分鐘
[00:33:25] [第1輪 進度 1095/1371 (79.9%)] 成功: 671 檔 | 明確無資料: 0 檔 | 技術待補: 424 檔 | 累積: 172,439 筆 | 速度: 0.3 檔/s | 剩餘約: 13.7 分鐘
[00:33:52] [第1輪 進度 1110/1371 (81.0%)] 成功: 685 檔 | 明確無資料: 0 檔 | 技術待補: 425 檔 | 累積: 177,813 筆 | 速度: 0.3 檔/s | 剩餘約: 12.9 分鐘
[00:34:42] [第1輪 進度 1125/1371 (82.1%)] 成功: 693 檔 | 明確無資料: 0 檔 | 技術待補: 432 檔 | 累積: 180,100 筆 | 速度: 0.3 檔/s | 剩餘約: 12.1 分鐘
[00:35:28] [第1輪 進度 1140/1371 (83.2%)] 成功: 701 檔 | 明確無資料: 0 檔 | 技術待補: 439 檔 | 累積: 181,975 筆 | 速度: 0.3 檔/s | 剩餘約: 11.4 分鐘
[00:35:55] [第1輪 進度 1155/1371 (84.2%)] 成功: 715 檔 | 明確無資料: 0 檔 | 技術待補: 440 檔 | 累積: 182,763 筆 | 速度: 0.3 檔/s | 剩餘約: 10.6 分鐘
[00:36:42] [第1輪 進度 1170/1371 (85.3%)] 成功: 723 檔 | 明確無資料: 0 檔 | 技術待補: 447 檔 | 累積: 185,281 筆 | 速度: 0.3 檔/s | 剩餘約: 9.9 分鐘
[00:37:15] [第1輪 進度 1185/1371 (86.4%)] 成功: 737 檔 | 明確無資料: 0 檔 | 技術待補: 448 檔 | 累積: 187,918 筆 | 速度: 0.3 檔/s | 剩餘約: 9.1 分鐘
[00:38:08] [第1輪 進度 1200/1371 (87.5%)] 成功: 742 檔 | 明確無資料: 0 檔 | 技術待補: 458 檔 | 累積: 188,867 筆 | 速度: 0.3 檔/s | 剩餘約: 8.4 分鐘
[00:38:44] [第1輪 進度 1215/1371 (88.6%)] 成功: 754 檔 | 明確無資料: 0 檔 | 技術待補: 461 檔 | 累積: 190,285 筆 | 速度: 0.3 檔/s | 剩餘約: 7.6 分鐘
[00:39:46] [第1輪 進度 1230/1371 (89.7%)] 成功: 755 檔 | 明確無資料: 0 檔 | 技術待補: 475 檔 | 累積: 190,307 筆 | 速度: 0.3 檔/s | 剩餘約: 6.9 分鐘
[00:40:22] [第1輪 進度 1245/1371 (90.8%)] 成功: 768 檔 | 明確無資料: 0 檔 | 技術待補: 477 檔 | 累積: 192,286 筆 | 速度: 0.3 檔/s | 剩餘約: 6.2 分鐘
[00:41:02] [第1輪 進度 1260/1371 (91.9%)] 成功: 780 檔 | 明確無資料: 0 檔 | 技術待補: 480 檔 | 累積: 195,175 筆 | 速度: 0.3 檔/s | 剩餘約: 5.5 分鐘
[00:42:03] [第1輪 進度 1275/1371 (93.0%)] 成功: 782 檔 | 明確無資料: 0 檔 | 技術待補: 493 檔 | 累積: 195,706 筆 | 速度: 0.3 檔/s | 剩餘約: 4.7 分鐘
[00:42:33] [第1輪 進度 1290/1371 (94.1%)] 成功: 796 檔 | 明確無資料: 0 檔 | 技術待補: 494 檔 | 累積: 199,568 筆 | 速度: 0.3 檔/s | 剩餘約: 4.0 分鐘
[00:43:41] [第1輪 進度 1305/1371 (95.2%)] 成功: 796 檔 | 明確無資料: 0 檔 | 技術待補: 509 檔 | 累積: 199,568 筆 | 速度: 0.3 檔/s | 剩餘約: 3.3 分鐘
[00:44:48] [第1輪 進度 1320/1371 (96.3%)] 成功: 796 檔 | 明確無資料: 0 檔 | 技術待補: 524 檔 | 累積: 199,568 筆 | 速度: 0.3 檔/s | 剩餘約: 2.5 分鐘
[00:45:57] [第1輪 進度 1335/1371 (97.4%)] 成功: 796 檔 | 明確無資料: 0 檔 | 技術待補: 539 檔 | 累積: 199,568 筆 | 速度: 0.3 檔/s | 剩餘約: 1.8 分鐘
[00:47:03] [第1輪 進度 1350/1371 (98.5%)] 成功: 797 檔 | 明確無資料: 0 檔 | 技術待補: 553 檔 | 累積: 199,588 筆 | 速度: 0.3 檔/s | 剩餘約: 1.1 分鐘
[00:47:30] [第1輪 進度 1365/1371 (99.6%)] 成功: 812 檔 | 明確無資料: 0 檔 | 技術待補: 553 檔 | 累積: 201,405 筆 | 速度: 0.3 檔/s | 剩餘約: 0.3 分鐘
[00:47:49] [第1輪 進度 1371/1371 (100.0%)] 成功: 816 檔 | 明確無資料: 0 檔 | 技術待補: 555 檔 | 累積: 201,965 筆 | 速度: 0.3 檔/s | 剩餘約: 0.0 分鐘

--------------------------------------------------
[00:47:49] [*] 啟動第 2/10 輪精準安全補抓佇列 (待補抓: 555 檔)
[00:47:49] [*] 安全防護策略: 4-Workers 安全並行模式, 請求間隔 1.2s, 單檔 4 次重試
--------------------------------------------------
[00:47:53]   [第2輪 1/555] [OK] 00636 (國泰中國A50) -> 成功補回 80 筆！
[00:47:53]   [第2輪 2/555] [OK] 00636K (國泰中國A50+U) -> 成功補回 2 筆！
[00:47:54]   [第2輪 3/555] [OK] 00635U (期元大S&P黃金) -> 成功補回 476 筆！
[00:47:54]   [第2輪 4/555] [OK] 00632R (元大台灣50反1) -> 成功補回 710 筆！
[00:47:58]   [第2輪 5/555] [待下輪補抓] 00638R (元大滬深300反1) (原因: menu_http_error:403)
[00:47:58]   [第2輪 6/555] [待下輪補抓] 00640L (富邦日本正2) (原因: menu_http_error:403)
[00:47:58]   [第2輪 7/555] [待下輪補抓] 00639 (富邦深100) (原因: menu_http_error:403)
[00:47:58]   [第2輪 8/555] [待下輪補抓] 00637L (元大滬深300正2) (原因: menu_http_error:403)
[00:48:00]   [第2輪 9/555] [OK] 00642U (期元大S&P石油) -> 成功補回 332 筆！
[00:48:01]   [第2輪 10/555] [OK] 00643 (群益深証中小) -> 成功補回 33 筆！
[00:48:02]   [第2輪 11/555] [OK] 00641R (富邦日本反1) -> 成功補回 30 筆！
[00:48:02]   [第2輪 12/555] [OK] 00674R (期元大S&P黃金反1) -> 成功補回 36 筆！
[00:48:05]   [第2輪 13/555] [待下輪補抓] 00681R (元大美債20反1) (原因: menu_http_error:403)
[00:48:05]   [第2輪 14/555] [待下輪補抓] 00680L (元大美債20正2) (原因: menu_http_error:403)
[00:48:06]   [第2輪 15/555] [待下輪補抓] 00682U (期元大美元指數) (原因: menu_http_error:403)
[00:48:06]   [第2輪 16/555] [待下輪補抓] 00711B (復華彭博新興債) (原因: menu_http_error:403)
[00:48:09]   [第2輪 17/555] [待下輪補抓] 00875 (國泰網路資安) (原因: post_missing_download_link)
[00:48:09]   [第2輪 18/555] [待下輪補抓] 00712 (復華富時不動產) (原因: post_missing_download_link)
[00:48:10]   [第2輪 19/555] [待下輪補抓] 00876 (元大全球5G) (原因: menu_http_error:403)
[00:48:11]   [第2輪 20/555] [待下輪補抓] 00901 (永豐智能車供應鏈) (原因: menu_http_error:403)
[00:48:13]   [第2輪 21/555] [待下輪補抓] 00917 (中信特選金融) (原因: menu_http_error:403)
[00:48:13]   [第2輪 22/555] [待下輪補抓] 00918 (大華優利高填息30) (原因: menu_http_error:403)
[00:48:15]   [第2輪 23/555] [待下輪補抓] 00919 (群益台灣精選高息) (原因: menu_http_error:403)
[00:48:15]   [第2輪 24/555] [待下輪補抓] 00920 (富邦ESG綠色電力) (原因: menu_http_error:403)
[00:48:17]   [第2輪 25/555] [待下輪補抓] 00921 (兆豐龍頭等權重) (原因: menu_http_error:403)
[00:48:17]   [第2輪 26/555] [待下輪補抓] 00922 (國泰台灣領袖50) (原因: menu_http_error:403)
[00:48:19]   [第2輪 27/555] [待下輪補抓] 00930 (永豐ESG低碳高息) (原因: post_missing_download_link)
[00:48:19]   [第2輪 28/555] [待下輪補抓] 00943 (兆豐電子高息等權) (原因: post_missing_download_link)
[00:48:21]   [第2輪 29/555] [待下輪補抓] 00944 (野村趨勢動能高息) (原因: menu_http_error:403)
[00:48:21]   [第2輪 30/555] [待下輪補抓] 00945B (凱基美國非投等債) (原因: menu_http_error:403)
[00:48:23]   [第2輪 31/555] [待下輪補抓] 00946 (群益科技高息成長) (原因: menu_http_error:403)
[00:48:23]   [第2輪 32/555] [待下輪補抓] 00947 (台新臺灣IC設計) (原因: menu_http_error:403)
[00:48:25]   [第2輪 33/555] [待下輪補抓] 00956 (中信日經高股息) (原因: menu_http_error:403)
[00:48:25]   [第2輪 34/555] [待下輪補抓] 00964 (中信亞太高股息) (原因: menu_http_error:403)
[00:48:27]   [第2輪 35/555] [待下輪補抓] 009801 (中信美國創新科技) (原因: menu_http_error:403)
[00:48:28]   [第2輪 36/555] [待下輪補抓] 009802 (富邦旗艦50) (原因: menu_http_error:403)
[00:48:29]   [第2輪 37/555] [待下輪補抓] 009803 (玉山市值動能50) (原因: post_missing_download_link)
[00:48:30]   [第2輪 38/555] [待下輪補抓] 009804 (聯邦台精彩50) (原因: post_missing_download_link)
[00:48:31]   [第2輪 39/555] [待下輪補抓] 009805 (台新美國電力基建) (原因: menu_http_error:403)
[00:48:32]   [第2輪 40/555] [待下輪補抓] 009808 (華南永昌優選50) (原因: menu_http_error:403)
[00:48:33]   [第2輪 41/555] [待下輪補抓] 009809 (富邦淨零ESG50) (原因: menu_http_error:403)
[00:48:34]   [第2輪 42/555] [待下輪補抓] 00980A (主動野村臺灣優選) (原因: menu_http_error:403)
[00:48:36]   [第2輪 43/555] [待下輪補抓] 009810 (玉山全球藍籌100) (原因: menu_http_error:403)
[00:48:36]   [第2輪 44/555] [待下輪補抓] 009811 (統一美國50) (原因: menu_http_error:403)
[00:48:37]   [第2輪 45/555] [待下輪補抓] 009812 (野村日本東證) (原因: menu_http_error:403)
[00:48:38]   [第2輪 46/555] [待下輪補抓] 009813 (貝萊德標普卓越50) (原因: menu_http_error:403)
[00:48:39]   [第2輪 47/555] [OK] 009816 (凱基台灣TOP50) -> 成功補回 772 筆！
[00:48:40]   [第2輪 48/555] [OK] 009819 (中信數據及電力) -> 成功補回 516 筆！
[00:48:40]   [第2輪 49/555] [OK] 009817 (國泰日本不動產) -> 成功補回 62 筆！
[00:48:42]   [第2輪 50/555] [待下輪補抓] 009818 (華南永昌NASDAQxT) (原因: menu_http_error:403)
[00:48:43]   [第2輪 51/555] [待下輪補抓] 00981A (主動統一台股增長) (原因: menu_http_error:403)
[00:48:44]   [第2輪 52/555] [待下輪補抓] 00981T (平衡凱基雙核收息) (原因: menu_http_error:403)
[00:48:45]   [第2輪 53/555] [待下輪補抓] 009820 (元大納斯達克精選) (原因: menu_http_error:403)
[00:48:46]   [第2輪 54/555] [待下輪補抓] 009821 (野村稀土關鍵資源) (原因: menu_http_error:403)
[00:48:47]   [第2輪 55/555] [待下輪補抓] 00983D (主動富邦複合收益) (原因: menu_http_error:403)
[00:48:49]   [第2輪 56/555] [OK] 00985A (主動野村台灣50) -> 成功補回 275 筆！
[00:48:49]   [第2輪 57/555] [OK] 00984A (主動安聯台灣高息) -> 成功補回 343 筆！
[00:48:49]   [第2輪 58/555] [OK] 00984D (主動聯博全球非投) -> 成功補回 357 筆！
[00:48:49]   [第2輪 59/555] [OK] 00985B (群益ESG投等債0-5) -> 成功補回 197 筆！
[00:48:51]   [第2輪 60/555] [OK] 00986A (主動台新龍頭成長) -> 成功補回 46 筆！
[00:48:51]   [第2輪 61/555] [OK] 00987A (主動台新優勢成長) -> 成功補回 168 筆！
[00:48:54]   [第2輪 62/555] [待下輪補抓] 02001L (富邦蘋果正二N) (原因: menu_http_error:403)
[00:48:54]   [第2輪 63/555] [待下輪補抓] 020000 (富邦特選蘋果N) (原因: menu_http_error:403)
[00:48:55]   [第2輪 64/555] [待下輪補抓] 020020 (元大台股領航N) (原因: menu_http_error:403)
[00:48:55]   [第2輪 65/555] [待下輪補抓] 1235 (興泰) (原因: menu_http_error:403)
[00:48:58]   [第2輪 66/555] [待下輪補抓] 1236 (宏亞) (原因: menu_http_error:403)
[00:48:58]   [第2輪 67/555] [待下輪補抓] 1256 (鮮活果汁-KY) (原因: menu_http_error:403)
[00:48:59]   [第2輪 68/555] [待下輪補抓] 1301 (台塑) (原因: captcha_validation_failed)
[00:48:59]   [第2輪 69/555] [OK] 1303 (南亞) -> 成功補回 811 筆！
[00:49:00]   [第2輪 70/555] [OK] 1304 (台聚) -> 成功補回 225 筆！
[00:49:00]   [第2輪 71/555] [OK] 1305 (華夏) -> 成功補回 183 筆！
[00:49:01]   [第2輪 72/555] [OK] 1308 (亞聚) -> 成功補回 150 筆！
[00:49:03]   [第2輪 73/555] [待下輪補抓] 1307 (三芳) (原因: menu_http_error:403)
[00:49:04]   [第2輪 74/555] [待下輪補抓] 1310 (台苯) (原因: menu_http_error:403)
[00:49:05]   [第2輪 75/555] [待下輪補抓] 1309 (台達化) (原因: menu_http_error:403)
[00:49:05]   [第2輪 76/555] [待下輪補抓] 1312 (國喬) (原因: menu_http_error:403)
[00:49:07]   [第2輪 77/555] [待下輪補抓] 1313 (聯成) (原因: menu_http_error:403)
[00:49:08]   [第2輪 78/555] [待下輪補抓] 1314 (中石化) (原因: post_missing_download_link)
[00:49:09]   [第2輪 79/555] [待下輪補抓] 1315 (達新) (原因: post_missing_download_link)
[00:49:10]   [第2輪 80/555] [待下輪補抓] 1316 (上曜) (原因: post_http_error:403)
[00:49:11]   [第2輪 81/555] [待下輪補抓] 1319 (東陽) (原因: menu_http_error:403)
[00:49:12]   [第2輪 82/555] [待下輪補抓] 1321 (大洋) (原因: menu_http_error:403)
[00:49:13]   [第2輪 83/555] [待下輪補抓] 1323 (永裕) (原因: menu_http_error:403)
[00:49:14]   [第2輪 84/555] [待下輪補抓] 1324 (地球) (原因: menu_http_error:403)
[00:49:15]   [第2輪 85/555] [待下輪補抓] 1436 (華友聯) (原因: menu_http_error:403)
[00:49:17]   [第2輪 86/555] [待下輪補抓] 1439 (雋揚) (原因: menu_http_error:403)
[00:49:17]   [第2輪 87/555] [待下輪補抓] 1451 (年興) (原因: menu_http_error:403)
[00:49:18]   [第2輪 88/555] [待下輪補抓] 1456 (怡華) (原因: post_missing_download_link)
[00:49:20]   [第2輪 89/555] [待下輪補抓] 1463 (強盛新) (原因: post_missing_download_link)
[00:49:21]   [第2輪 90/555] [待下輪補抓] 1464 (得力) (原因: menu_http_error:403)
[00:49:22]   [第2輪 91/555] [待下輪補抓] 1465 (偉全) (原因: menu_http_error:403)
[00:49:22]   [第2輪 92/555] [待下輪補抓] 1466 (聚隆) (原因: menu_http_error:403)
[00:49:24]   [第2輪 93/555] [待下輪補抓] 1467 (南緯) (原因: menu_http_error:403)
[00:49:25]   [第2輪 94/555] [待下輪補抓] 1468 (昶和) (原因: menu_http_error:403)
[00:49:26]   [第2輪 95/555] [待下輪補抓] 1471 (首利) (原因: menu_http_error:403)
[00:49:27]   [第2輪 96/555] [待下輪補抓] 1470 (大統新創) (原因: menu_http_error:403)
[00:49:28]   [第2輪 97/555] [待下輪補抓] 1516 (川飛) (原因: menu_http_error:403)
[00:49:29]   [第2輪 98/555] [待下輪補抓] 1517 (利奇) (原因: post_missing_download_link)
[00:49:30]   [第2輪 99/555] [待下輪補抓] 1519 (華城) (原因: menu_http_error:403)
[00:49:31]   [第2輪 100/555] [待下輪補抓] 1521 (大億) (原因: menu_http_error:403)
[00:49:32]   [第2輪 101/555] [待下輪補抓] 1522 (堤維西) (原因: menu_http_error:403)
[00:49:33]   [第2輪 102/555] [待下輪補抓] 1522A (堤維西甲特) (原因: menu_http_error:403)
[00:49:35]   [第2輪 103/555] [待下輪補抓] 1524 (耿鼎) (原因: menu_http_error:403)
[00:49:35]   [第2輪 104/555] [待下輪補抓] 1525 (江申) (原因: menu_http_error:403)
[00:49:36]   [第2輪 105/555] [待下輪補抓] 1526 (日馳) (原因: menu_http_error:403)
[00:49:37]   [第2輪 106/555] [待下輪補抓] 1527 (鑽全) (原因: menu_http_error:403)
[00:49:39]   [第2輪 107/555] [待下輪補抓] 1528 (恩德) (原因: post_missing_download_link)
[00:49:39]   [第2輪 108/555] [待下輪補抓] 1529 (樂事綠能) (原因: post_missing_download_link)
[00:49:40]   [第2輪 109/555] [待下輪補抓] 1530 (亞崴) (原因: post_missing_download_link)
[00:49:41]   [第2輪 110/555] [待下輪補抓] 1531 (高林股) (原因: menu_http_error:403)
[00:49:43]   [第2輪 111/555] [待下輪補抓] 1532 (勤美) (原因: menu_http_error:403)
[00:49:43]   [第2輪 112/555] [待下輪補抓] 1533 (車王電) (原因: menu_http_error:403)
[00:49:44]   [第2輪 113/555] [待下輪補抓] 1535 (中宇) (原因: menu_http_error:403)
[00:49:45]   [第2輪 114/555] [待下輪補抓] 1536 (和大) (原因: menu_http_error:403)
[00:49:47]   [第2輪 115/555] [待下輪補抓] 1537 (廣隆) (原因: menu_http_error:403)
[00:49:47]   [第2輪 116/555] [待下輪補抓] 1538 (正峰) (原因: menu_http_error:403)
[00:49:48]   [第2輪 117/555] [待下輪補抓] 1539 (巨庭) (原因: menu_http_error:403)
[00:49:50]   [第2輪 118/555] [待下輪補抓] 1540 (喬福) (原因: post_missing_download_link)
[00:49:51]   [第2輪 119/555] [待下輪補抓] 1541 (錩泰) (原因: menu_http_error:403)
[00:49:51]   [第2輪 120/555] [待下輪補抓] 1558 (伸興) (原因: menu_http_error:403)
[00:49:52]   [第2輪 121/555] [待下輪補抓] 1560 (中砂) (原因: menu_http_error:403)
[00:49:54]   [第2輪 122/555] [待下輪補抓] 1563 (巧新) (原因: menu_http_error:403)
[00:49:55]   [第2輪 123/555] [待下輪補抓] 1568 (倉佑) (原因: menu_http_error:403)
[00:49:55]   [第2輪 124/555] [待下輪補抓] 1582 (信錦) (原因: menu_http_error:403)
[00:49:56]   [第2輪 125/555] [待下輪補抓] 1583 (程泰) (原因: menu_http_error:403)
[00:49:58]   [第2輪 126/555] [待下輪補抓] 1587 (吉茂) (原因: menu_http_error:403)
[00:49:59]   [第2輪 127/555] [待下輪補抓] 1590 (亞德客-KY) (原因: post_missing_download_link)
[00:49:59]   [第2輪 128/555] [待下輪補抓] 1597 (直得) (原因: post_missing_download_link)
[00:50:00]   [第2輪 129/555] [待下輪補抓] 1598 (岱宇) (原因: post_missing_download_link)
[00:50:02]   [第2輪 130/555] [待下輪補抓] 1603 (華電) (原因: menu_http_error:403)
[00:50:03]   [第2輪 131/555] [待下輪補抓] 1604 (聲寶) (原因: menu_http_error:403)
[00:50:03]   [第2輪 132/555] [待下輪補抓] 1605 (華新) (原因: menu_http_error:403)
[00:50:04]   [第2輪 133/555] [待下輪補抓] 1608 (華榮) (原因: menu_http_error:403)
[00:50:06]   [第2輪 134/555] [待下輪補抓] 1614 (三洋電) (原因: menu_http_error:403)
[00:50:07]   [第2輪 135/555] [待下輪補抓] 1725 (元禎) (原因: menu_http_error:403)
[00:50:07]   [第2輪 136/555] [待下輪補抓] 1736 (喬山) (原因: menu_http_error:403)
[00:50:09]   [第2輪 137/555] [待下輪補抓] 1762 (中化生) (原因: menu_http_error:403)
[00:50:10]   [第2輪 138/555] [待下輪補抓] 1783 (和康生) (原因: post_missing_download_link)
[00:50:12]   [第2輪 139/555] [待下輪補抓] 1789 (神隆) (原因: menu_http_error:403)
[00:50:12]   [第2輪 140/555] [待下輪補抓] 1786 (科妍) (原因: menu_http_error:403)
[00:50:13]   [第2輪 141/555] [待下輪補抓] 1904 (正隆) (原因: menu_http_error:403)
[00:50:14]   [第2輪 142/555] [待下輪補抓] 2015 (豐興) (原因: menu_http_error:403)
[00:50:16]   [第2輪 143/555] [待下輪補抓] 2024 (志聯) (原因: menu_http_error:403)
[00:50:16]   [第2輪 144/555] [待下輪補抓] 2025 (千興) (原因: menu_http_error:403)
[00:50:17]   [第2輪 145/555] [待下輪補抓] 2027 (大成鋼) (原因: menu_http_error:403)
[00:50:18]   [第2輪 146/555] [待下輪補抓] 2028 (威致) (原因: menu_http_error:403)
[00:50:20]   [第2輪 147/555] [待下輪補抓] 2029 (盛餘) (原因: post_missing_download_link)
[00:50:21]   [第2輪 148/555] [待下輪補抓] 2030 (彰源) (原因: post_missing_download_link)
[00:50:21]   [第2輪 149/555] [待下輪補抓] 2031 (新光鋼) (原因: post_missing_download_link)
[00:50:23]   [第2輪 150/555] [待下輪補抓] 2032 (新鋼) (原因: menu_http_error:403)
[00:50:24]   [第2輪 151/555] [待下輪補抓] 2033 (佳大) (原因: menu_http_error:403)
[00:50:25]   [第2輪 152/555] [待下輪補抓] 2109 (華豐) (原因: menu_http_error:403)
[00:50:25]   [第2輪 153/555] [待下輪補抓] 2114 (鑫永銓) (原因: menu_http_error:403)
[00:50:27]   [第2輪 154/555] [待下輪補抓] 2115 (六暉-KY) (原因: menu_http_error:403)
[00:50:28]   [第2輪 155/555] [待下輪補抓] 2201 (裕隆) (原因: menu_http_error:403)
[00:50:29]   [第2輪 156/555] [待下輪補抓] 2204 (中華) (原因: menu_http_error:403)
[00:50:29]   [第2輪 157/555] [待下輪補抓] 2206 (三陽工業) (原因: menu_http_error:403)
[00:50:32]   [第2輪 158/555] [待下輪補抓] 2207 (和泰車) (原因: menu_http_error:403)
[00:50:32]   [第2輪 159/555] [待下輪補抓] 2328 (廣宇) (原因: menu_http_error:403)
[00:50:33]   [第2輪 160/555] [待下輪補抓] 2355 (敬鵬) (原因: menu_http_error:403)
[00:50:33]   [第2輪 161/555] [待下輪補抓] 2356 (英業達) (原因: menu_http_error:403)
[00:50:36]   [第2輪 162/555] [待下輪補抓] 2357 (華碩) (原因: menu_http_error:403)
[00:50:36]   [第2輪 163/555] [待下輪補抓] 2359 (所羅門) (原因: menu_http_error:403)
[00:50:37]   [第2輪 164/555] [待下輪補抓] 2360 (致茂) (原因: menu_http_error:403)
[00:50:37]   [第2輪 165/555] [待下輪補抓] 2362 (藍天) (原因: menu_http_error:403)
[00:50:40]   [第2輪 166/555] [待下輪補抓] 2363 (矽統) (原因: menu_http_error:403)
[00:50:40]   [第2輪 167/555] [待下輪補抓] 2364 (倫飛) (原因: post_missing_download_link)
[00:50:41]   [第2輪 168/555] [待下輪補抓] 2365 (昆盈) (原因: post_missing_download_link)
[00:50:41]   [第2輪 169/555] [待下輪補抓] 2367 (燿華) (原因: post_missing_download_link)
[00:50:44]   [第2輪 170/555] [待下輪補抓] 2368 (金像電) (原因: menu_http_error:403)
[00:50:44]   [第2輪 171/555] [待下輪補抓] 2376 (技嘉) (原因: menu_http_error:403)
[00:50:45]   [第2輪 172/555] [待下輪補抓] 2412 (中華電) (原因: menu_http_error:403)
[00:50:45]   [第2輪 173/555] [待下輪補抓] 2413 (環科) (原因: menu_http_error:403)
[00:50:48]   [第2輪 174/555] [待下輪補抓] 2414 (精技) (原因: menu_http_error:403)
[00:50:48]   [第2輪 175/555] [待下輪補抓] 2415 (錩新) (原因: menu_http_error:403)
[00:50:49]   [第2輪 176/555] [待下輪補抓] 2417 (圓剛) (原因: menu_http_error:403)
[00:50:49]   [第2輪 177/555] [待下輪補抓] 2419 (仲琦) (原因: menu_http_error:403)
[00:50:52]   [第2輪 178/555] [待下輪補抓] 2420 (新巨) (原因: captcha_validation_failed)
[00:50:52]   [第2輪 179/555] [OK] 2421 (建準) -> 成功補回 480 筆！
[00:50:52]   [第2輪 180/555] [OK] 2424 (隴華) -> 成功補回 32 筆！
[00:50:52]   [第2輪 181/555] [OK] 2423 (固緯) -> 成功補回 40 筆！
[00:50:55]   [第2輪 182/555] [OK] 2426 (鼎元) -> 成功補回 801 筆！
[00:50:56]   [第2輪 183/555] [待下輪補抓] 2425 (承啟) (原因: menu_http_error:403)
[00:50:57]   [第2輪 184/555] [待下輪補抓] 2427 (三商電) (原因: menu_http_error:403)
[00:50:57]   [第2輪 185/555] [待下輪補抓] 2428 (興勤) (原因: menu_http_error:403)
[00:50:59]   [第2輪 186/555] [待下輪補抓] 2429 (銘旺科) (原因: menu_http_error:403)
[00:51:00]   [第2輪 187/555] [待下輪補抓] 2430 (燦坤) (原因: menu_http_error:403)
[00:51:01]   [第2輪 188/555] [待下輪補抓] 2431 (聯昌) (原因: menu_http_error:403)
[00:51:01]   [第2輪 189/555] [待下輪補抓] 2432 (倚天酷碁-創) (原因: menu_http_error:403)
[00:51:02]   [第2輪 190/555] [OK] 2433 (互盛電) -> 成功補回 25 筆！
[00:51:03]   [第2輪 191/555] [OK] 2434 (統懋) -> 成功補回 228 筆！
[00:51:04]   [第2輪 192/555] [OK] 2438 (翔耀) -> 成功補回 75 筆！
[00:51:06]   [第2輪 193/555] [待下輪補抓] 2436 (偉詮電) (原因: menu_http_error:403)
[00:51:07]   [第2輪 194/555] [待下輪補抓] 2439 (美律) (原因: menu_http_error:403)
[00:51:08]   [第2輪 195/555] [待下輪補抓] 2440 (太空梭) (原因: menu_http_error:403)
[00:51:08]   [第2輪 196/555] [待下輪補抓] 2441 (超豐) (原因: menu_http_error:403)
[00:51:10]   [第2輪 197/555] [待下輪補抓] 2442 (新美齊) (原因: menu_http_error:403)
[00:51:11]   [第2輪 198/555] [待下輪補抓] 2444 (兆勁) (原因: menu_http_error:403)
[00:51:12]   [第2輪 199/555] [待下輪補抓] 2449 (京元電子) (原因: menu_http_error:403)
[00:51:12]   [第2輪 200/555] [待下輪補抓] 2450 (神腦) (原因: menu_http_error:403)
[00:51:13]   [第2輪 201/555] [OK] 2451 (創見) -> 成功補回 557 筆！
[00:51:13]   [第2輪 202/555] [OK] 2453 (凌群) -> 成功補回 424 筆！
[00:51:14]   [第2輪 203/555] [OK] 2454 (聯發科) -> 成功補回 807 筆！
[00:51:15]   [第2輪 204/555] [OK] 2477 (美隆電) -> 成功補回 74 筆！
[00:51:16]   [第2輪 205/555] [待下輪補抓] 2466 (冠西電) (原因: menu_http_error:403)
[00:51:17]   [第2輪 206/555] [待下輪補抓] 2476 (鉅祥) (原因: menu_http_error:403)
[00:51:18]   [第2輪 207/555] [待下輪補抓] 2478 (大毅) (原因: menu_http_error:403)
[00:51:19]   [第2輪 208/555] [待下輪補抓] 2480 (敦陽科) (原因: menu_http_error:403)
[00:51:20]   [第2輪 209/555] [待下輪補抓] 2481 (強茂) (原因: menu_http_error:403)
[00:51:21]   [第2輪 210/555] [待下輪補抓] 2482 (連宇) (原因: menu_http_error:403)
[00:51:23]   [第2輪 211/555] [待下輪補抓] 2483 (百容) (原因: post_missing_download_link)
[00:51:24]   [第2輪 212/555] [待下輪補抓] 2489 (瑞軒) (原因: menu_http_error:403)
[00:51:25]   [第2輪 213/555] [待下輪補抓] 2515 (中工) (原因: menu_http_error:403)
[00:51:25]   [第2輪 214/555] [待下輪補抓] 2538 (基泰) (原因: menu_http_error:403)
[00:51:28]   [第2輪 215/555] [待下輪補抓] 2539 (櫻花建) (原因: menu_http_error:403)
[00:51:29]   [第2輪 216/555] [待下輪補抓] 2540 (愛山林) (原因: menu_http_error:403)
[00:51:29]   [第2輪 217/555] [待下輪補抓] 2542 (興富發) (原因: menu_http_error:403)
[00:51:30]   [第2輪 218/555] [待下輪補抓] 2543 (皇昌) (原因: menu_http_error:403)
[00:51:32]   [第2輪 219/555] [待下輪補抓] 2545 (皇翔) (原因: menu_http_error:403)
[00:51:33]   [第2輪 220/555] [待下輪補抓] 2546 (根基) (原因: post_missing_download_link)
[00:51:34]   [第2輪 221/555] [待下輪補抓] 2547 (日勝生) (原因: menu_http_error:403)
[00:51:34]   [第2輪 222/555] [待下輪補抓] 2548 (華固) (原因: menu_http_error:403)
[00:51:36]   [第2輪 223/555] [待下輪補抓] 2597 (潤弘) (原因: menu_http_error:403)
[00:51:37]   [第2輪 224/555] [待下輪補抓] 2601 (益航) (原因: menu_http_error:403)
[00:51:38]   [第2輪 225/555] [待下輪補抓] 2603 (長榮) (原因: menu_http_error:403)
[00:51:38]   [第2輪 226/555] [待下輪補抓] 2634 (漢翔) (原因: menu_http_error:403)
[00:51:40]   [第2輪 227/555] [待下輪補抓] 2636 (台驊控股) (原因: menu_http_error:403)
[00:51:41]   [第2輪 228/555] [待下輪補抓] 2712 (遠雄來) (原因: menu_http_error:403)
[00:51:42]   [第2輪 229/555] [待下輪補抓] 2731 (雄獅) (原因: menu_http_error:403)
[00:51:43]   [第2輪 230/555] [待下輪補抓] 2739 (寒舍) (原因: post_missing_download_link)
[00:51:44]   [第2輪 231/555] [待下輪補抓] 2748 (雲品) (原因: post_missing_download_link)
[00:51:46]   [第2輪 232/555] [待下輪補抓] 2753 (八方雲集) (原因: menu_http_error:403)
[00:51:46]   [第2輪 233/555] [待下輪補抓] 2762 (世界健身-KY) (原因: menu_http_error:403)
[00:51:47]   [第2輪 234/555] [待下輪補抓] 2801 (彰銀) (原因: menu_http_error:403)
[00:51:48]   [第2輪 235/555] [待下輪補抓] 2812 (台中銀) (原因: menu_http_error:403)
[00:51:50]   [第2輪 236/555] [待下輪補抓] 2816 (旺旺保) (原因: menu_http_error:403)
[00:51:50]   [第2輪 237/555] [待下輪補抓] 2820 (華票) (原因: menu_http_error:403)
[00:51:51]   [第2輪 238/555] [待下輪補抓] 2832 (台產) (原因: menu_http_error:403)
[00:51:52]   [第2輪 239/555] [待下輪補抓] 2834 (臺企銀) (原因: captcha_validation_failed)
[00:51:52]   [第2輪 240/555] [OK] 2836A (高雄銀甲特) -> 成功補回 5 筆！
[00:51:53]   [第2輪 241/555] [OK] 2838 (聯邦銀) -> 成功補回 271 筆！
[00:51:53]   [第2輪 242/555] [OK] 2836 (高雄銀) -> 成功補回 140 筆！
[00:51:54]   [第2輪 243/555] [OK] 2838A (聯邦銀甲特) -> 成功補回 14 筆！
[00:51:55]   [第2輪 244/555] [OK] 2845 (遠東銀) -> 成功補回 381 筆！
[00:51:57]   [第2輪 245/555] [待下輪補抓] 2881A (富邦特) (原因: menu_http_error:403)
[00:51:57]   [第2輪 246/555] [待下輪補抓] 2849 (安泰銀) (原因: menu_http_error:403)
[00:51:59]   [第2輪 247/555] [待下輪補抓] 2882B (國泰金乙特) (原因: menu_http_error:403)
[00:51:59]   [第2輪 248/555] [待下輪補抓] 2883 (凱基金) (原因: menu_http_error:403)
[00:52:01]   [第2輪 249/555] [待下輪補抓] 2883B (凱基金乙特) (原因: menu_http_error:403)
[00:52:01]   [第2輪 250/555] [待下輪補抓] 2884 (玉山金) (原因: menu_http_error:403)
[00:52:02]   [第2輪 251/555] [OK] 2885 (元大金) -> 成功補回 597 筆！
[00:52:03]   [第2輪 252/555] [OK] 2886 (兆豐金) -> 成功補回 751 筆！
[00:52:04]   [第2輪 253/555] [OK] 2887 (台新新光金) -> 成功補回 785 筆！
[00:52:06]   [第2輪 254/555] [待下輪補抓] 2887F (台新新光戊特二) (原因: menu_http_error:403)
[00:52:07]   [第2輪 255/555] [待下輪補抓] 2887E (台新新光戊特一) (原因: menu_http_error:403)
[00:52:07]   [第2輪 256/555] [待下輪補抓] 2887G (台新新光庚特一) (原因: menu_http_error:403)
[00:52:08]   [第2輪 257/555] [待下輪補抓] 2887H (台新新光庚特二) (原因: menu_http_error:403)
[00:52:10]   [第2輪 258/555] [待下輪補抓] 2887I (台新新光辛特) (原因: menu_http_error:403)
[00:52:11]   [第2輪 259/555] [待下輪補抓] 2889 (國票金) (原因: menu_http_error:403)
[00:52:12]   [第2輪 260/555] [待下輪補抓] 2890 (永豐金) (原因: menu_http_error:403)
[00:52:12]   [第2輪 261/555] [待下輪補抓] 2887Z1 (台新新光己特) (原因: menu_http_error:403)
[00:52:13]   [第2輪 262/555] [OK] 2891 (中信金) -> 成功補回 790 筆！
[00:52:13]   [第2輪 263/555] [OK] 2891B (中信金乙特) -> 成功補回 16 筆！
[00:52:14]   [第2輪 264/555] [OK] 2891C (中信金丙特) -> 成功補回 10 筆！
[00:52:15]   [第2輪 265/555] [OK] 2897 (王道銀行) -> 成功補回 329 筆！
[00:52:15]   [第2輪 266/555] [OK] 2892 (第一金) -> 成功補回 657 筆！
[00:52:17]   [第2輪 267/555] [待下輪補抓] 3017 (奇鋐) (原因: menu_http_error:403)
[00:52:18]   [第2輪 268/555] [待下輪補抓] 3018 (隆銘綠能) (原因: menu_http_error:403)
[00:52:19]   [第2輪 269/555] [待下輪補抓] 3019 (亞光) (原因: menu_http_error:403)
[00:52:19]   [第2輪 270/555] [待下輪補抓] 3021 (鴻名) (原因: menu_http_error:403)
[00:52:22]   [第2輪 271/555] [待下輪補抓] 3022 (威強電) (原因: post_missing_download_link)
[00:52:22]   [第2輪 272/555] [待下輪補抓] 3023 (信邦) (原因: post_missing_download_link)
[00:52:23]   [第2輪 273/555] [待下輪補抓] 3024 (憶聲) (原因: post_missing_download_link)
[00:52:23]   [第2輪 274/555] [待下輪補抓] 3025 (星通) (原因: post_missing_download_link)
[00:52:26]   [第2輪 275/555] [待下輪補抓] 3028 (增你強) (原因: menu_http_error:403)
[00:52:26]   [第2輪 276/555] [待下輪補抓] 3040 (遠見) (原因: menu_http_error:403)
[00:52:27]   [第2輪 277/555] [待下輪補抓] 3041 (揚智) (原因: menu_http_error:403)
[00:52:27]   [第2輪 278/555] [待下輪補抓] 3042 (晶技) (原因: menu_http_error:403)
[00:52:30]   [第2輪 279/555] [待下輪補抓] 3043 (科風) (原因: menu_http_error:403)
[00:52:31]   [第2輪 280/555] [待下輪補抓] 3044 (健鼎) (原因: menu_http_error:403)
[00:52:31]   [第2輪 281/555] [待下輪補抓] 3045 (台灣大) (原因: menu_http_error:403)
[00:52:32]   [第2輪 282/555] [待下輪補抓] 3046 (建碁) (原因: menu_http_error:403)
[00:52:34]   [第2輪 283/555] [待下輪補抓] 3047 (訊舟) (原因: menu_http_error:403)
[00:52:35]   [第2輪 284/555] [待下輪補抓] 3048 (益登) (原因: menu_http_error:403)
[00:52:35]   [第2輪 285/555] [待下輪補抓] 3049 (精金) (原因: menu_http_error:403)
[00:52:36]   [第2輪 286/555] [待下輪補抓] 3050 (鈺德) (原因: menu_http_error:403)
[00:52:38]   [第2輪 287/555] [待下輪補抓] 3051 (力特) (原因: menu_http_error:403)
[00:52:39]   [第2輪 288/555] [待下輪補抓] 3052 (夆典) (原因: menu_http_error:403)
[00:52:39]   [第2輪 289/555] [待下輪補抓] 3054 (立萬利) (原因: menu_http_error:403)
[00:52:40]   [第2輪 290/555] [待下輪補抓] 3055 (蔚華科) (原因: menu_http_error:403)
[00:52:43]   [第2輪 291/555] [待下輪補抓] 3056 (富華新) (原因: post_missing_download_link)
[00:52:43]   [第2輪 292/555] [待下輪補抓] 3057 (喬鼎) (原因: post_missing_download_link)
[00:52:43]   [第2輪 293/555] [待下輪補抓] 3058 (立德) (原因: post_missing_download_link)
[00:52:44]   [第2輪 294/555] [待下輪補抓] 3059 (華晶科) (原因: post_missing_download_link)
[00:52:47]   [第2輪 295/555] [待下輪補抓] 3060 (銘異) (原因: menu_http_error:403)
[00:52:48]   [第2輪 296/555] [待下輪補抓] 3090 (日電貿) (原因: menu_http_error:403)
[00:52:48]   [第2輪 297/555] [待下輪補抓] 3062 (建漢) (原因: menu_http_error:403)
[00:52:48]   [第2輪 298/555] [待下輪補抓] 3092 (鴻碩) (原因: menu_http_error:403)
[00:52:51]   [第2輪 299/555] [待下輪補抓] 3094 (聯傑) (原因: menu_http_error:403)
[00:52:52]   [第2輪 300/555] [待下輪補抓] 3130 (一零四) (原因: menu_http_error:403)
[00:52:52]   [第2輪 301/555] [待下輪補抓] 3135 (凌航) (原因: menu_http_error:403)
[00:52:52]   [第2輪 302/555] [待下輪補抓] 3138 (耀登) (原因: menu_http_error:403)
[00:52:55]   [第2輪 303/555] [待下輪補抓] 3149 (正達) (原因: menu_http_error:403)
[00:52:56]   [第2輪 304/555] [待下輪補抓] 3150 (鈺寶-創) (原因: menu_http_error:403)
[00:52:56]   [第2輪 305/555] [待下輪補抓] 3167 (大量) (原因: menu_http_error:403)
[00:52:57]   [第2輪 306/555] [待下輪補抓] 3164 (景岳) (原因: menu_http_error:403)
[00:52:59]   [第2輪 307/555] [待下輪補抓] 3168 (眾福科) (原因: menu_http_error:403)
[00:53:02]   [第2輪 308/555] [待下輪補抓] 3189 (景碩) (原因: menu_http_error:403)
[00:53:02]   [第2輪 309/555] [待下輪補抓] 3209 (全科) (原因: menu_http_error:403)
[00:53:02]   [第2輪 310/555] [待下輪補抓] 3229 (晟鈦) (原因: menu_http_error:403)
[00:53:04]   [第2輪 311/555] [待下輪補抓] 3231 (緯創) (原因: post_missing_download_link)
[00:53:06]   [第2輪 312/555] [待下輪補抓] 3257 (虹冠電) (原因: menu_http_error:403)
[00:53:06]   [第2輪 313/555] [待下輪補抓] 3266 (昇陽) (原因: menu_http_error:403)
[00:53:07]   [第2輪 314/555] [待下輪補抓] 3376 (新日興) (原因: menu_http_error:403)
[00:53:08]   [第2輪 315/555] [待下輪補抓] 3437 (榮創) (原因: menu_http_error:403)
[00:53:10]   [第2輪 316/555] [待下輪補抓] 3447 (展達) (原因: menu_http_error:403)
[00:53:10]   [第2輪 317/555] [待下輪補抓] 3443 (創意) (原因: menu_http_error:403)
[00:53:11]   [第2輪 318/555] [待下輪補抓] 3450 (聯鈞) (原因: menu_http_error:403)
[00:53:12]   [第2輪 319/555] [待下輪補抓] 3481 (群創) (原因: menu_http_error:403)
[00:53:14]   [第2輪 320/555] [待下輪補抓] 3501 (維熹) (原因: post_http_error:403)
[00:53:15]   [第2輪 321/555] [待下輪補抓] 3494 (誠研) (原因: menu_http_error:403)
[00:53:16]   [第2輪 322/555] [待下輪補抓] 3504 (揚明光) (原因: menu_http_error:403)
[00:53:17]   [第2輪 323/555] [待下輪補抓] 3515 (華擎) (原因: menu_http_error:403)
[00:53:19]   [第2輪 324/555] [待下輪補抓] 3518 (柏騰) (原因: menu_http_error:403)
[00:53:19]   [第2輪 325/555] [待下輪補抓] 3528 (安馳) (原因: menu_http_error:403)
[00:53:20]   [第2輪 326/555] [待下輪補抓] 3530 (晶相光) (原因: menu_http_error:403)
[00:53:21]   [第2輪 327/555] [待下輪補抓] 3532 (台勝科) (原因: menu_http_error:403)
[00:53:23]   [第2輪 328/555] [待下輪補抓] 3533 (嘉澤) (原因: menu_http_error:403)
[00:53:23]   [第2輪 329/555] [待下輪補抓] 3535 (晶彩科) (原因: post_missing_download_link)
[00:53:24]   [第2輪 330/555] [待下輪補抓] 3543 (州巧) (原因: post_missing_download_link)
[00:53:25]   [第2輪 331/555] [待下輪補抓] 3545 (敦泰) (原因: post_missing_download_link)
[00:53:27]   [第2輪 332/555] [待下輪補抓] 3550 (聯穎) (原因: menu_http_error:403)
[00:53:27]   [第2輪 333/555] [待下輪補抓] 3557 (嘉威) (原因: menu_http_error:403)
[00:53:28]   [第2輪 334/555] [待下輪補抓] 3679 (新至陞) (原因: menu_http_error:403)
[00:53:29]   [第2輪 335/555] [待下輪補抓] 3686 (達能) (原因: menu_http_error:403)
[00:53:31]   [第2輪 336/555] [待下輪補抓] 3694 (海華) (原因: menu_http_error:403)
[00:53:31]   [第2輪 337/555] [待下輪補抓] 3701 (大眾控) (原因: menu_http_error:403)
[00:53:32]   [第2輪 338/555] [待下輪補抓] 3702 (大聯大) (原因: menu_http_error:403)
[00:53:33]   [第2輪 339/555] [待下輪補抓] 3703 (欣陸) (原因: menu_http_error:403)
[00:53:35]   [第2輪 340/555] [待下輪補抓] 3704 (合勤控) (原因: post_http_error:403)
[00:53:36]   [第2輪 341/555] [待下輪補抓] 3705 (永信) (原因: menu_http_error:403)
[00:53:37]   [第2輪 342/555] [待下輪補抓] 3715 (定穎投控) (原因: menu_http_error:403)
[00:53:37]   [第2輪 343/555] [待下輪補抓] 4106 (雃博) (原因: menu_http_error:403)
[00:53:40]   [第2輪 344/555] [待下輪補抓] 4133 (亞諾法) (原因: menu_http_error:403)
[00:53:41]   [第2輪 345/555] [待下輪補抓] 4137 (麗豐-KY) (原因: menu_http_error:403)
[00:53:41]   [第2輪 346/555] [待下輪補抓] 4142 (國光生) (原因: menu_http_error:403)
[00:53:41]   [第2輪 347/555] [待下輪補抓] 4148 (全宇生技-KY) (原因: menu_http_error:403)
[00:53:44]   [第2輪 348/555] [待下輪補抓] 4155 (訊映) (原因: post_missing_download_link)
[00:53:45]   [第2輪 349/555] [待下輪補抓] 4164 (承業醫) (原因: post_missing_download_link)
[00:53:45]   [第2輪 350/555] [待下輪補抓] 4169 (泰宗) (原因: post_missing_download_link)
[00:53:45]   [第2輪 351/555] [待下輪補抓] 4178 (永笙-KY) (原因: post_http_error:403)
[00:53:48]   [第2輪 352/555] [待下輪補抓] 4190 (佐登-KY) (原因: menu_http_error:403)
[00:53:49]   [第2輪 353/555] [待下輪補抓] 4195 (基米-創) (原因: menu_http_error:403)
[00:53:49]   [第2輪 354/555] [待下輪補抓] 4306 (炎洲) (原因: menu_http_error:403)
[00:53:49]   [第2輪 355/555] [待下輪補抓] 4414 (如興) (原因: menu_http_error:403)
[00:53:52]   [第2輪 356/555] [待下輪補抓] 4426 (利勤) (原因: menu_http_error:403)
[00:53:53]   [第2輪 357/555] [待下輪補抓] 4438 (廣越) (原因: menu_http_error:403)
[00:53:53]   [第2輪 358/555] [待下輪補抓] 4439 (冠星-KY) (原因: menu_http_error:403)
[00:53:53]   [第2輪 359/555] [待下輪補抓] 4564 (元翎) (原因: menu_http_error:403)
[00:53:56]   [第2輪 360/555] [待下輪補抓] 4566 (時碩工業) (原因: menu_http_error:403)
[00:53:57]   [第2輪 361/555] [待下輪補抓] 4569 (六方科-KY) (原因: menu_http_error:403)
[00:53:57]   [第2輪 362/555] [待下輪補抓] 4571 (鈞興-KY) (原因: menu_http_error:403)
[00:53:57]   [第2輪 363/555] [待下輪補抓] 4572 (駐龍) (原因: menu_http_error:403)
[00:54:01]   [第2輪 364/555] [待下輪補抓] 4576 (大銀微系統) (原因: menu_http_error:403)
[00:54:01]   [第2輪 365/555] [待下輪補抓] 4581 (光隆精密-KY) (原因: menu_http_error:403)
[00:54:02]   [第2輪 366/555] [待下輪補抓] 4582 (聚恆-創) (原因: menu_http_error:403)
[00:54:02]   [第2輪 367/555] [待下輪補抓] 4583 (台灣精銳) (原因: menu_http_error:403)
[00:54:04]   [第2輪 368/555] [OK] 4720 (德淵) -> 成功補回 89 筆！
[00:54:04]   [第2輪 369/555] [OK] 4771 (望隼) -> 成功補回 128 筆！
[00:54:05]   [第2輪 370/555] [OK] 5225 (東科-KY) -> 成功補回 86 筆！
[00:54:05]   [第2輪 371/555] [OK] 4952 (凌通) -> 成功補回 77 筆！
[00:54:08]   [第2輪 372/555] [待下輪補抓] 5234 (達興材料) (原因: menu_http_error:403)
[00:54:09]   [第2輪 373/555] [待下輪補抓] 5236 (凌陽創新) (原因: menu_http_error:403)
[00:54:09]   [第2輪 374/555] [待下輪補抓] 5243 (乙盛-KY) (原因: menu_http_error:403)
[00:54:09]   [第2輪 375/555] [待下輪補抓] 5244 (弘凱) (原因: menu_http_error:403)
[00:54:12]   [第2輪 376/555] [待下輪補抓] 5258 (虹堡) (原因: menu_http_error:403)
[00:54:13]   [第2輪 377/555] [待下輪補抓] 5269 (祥碩) (原因: menu_http_error:403)
[00:54:13]   [第2輪 378/555] [待下輪補抓] 5283 (禾聯碩) (原因: menu_http_error:403)
[00:54:13]   [第2輪 379/555] [待下輪補抓] 5284 (jpp-KY) (原因: menu_http_error:403)
[00:54:14]   [第2輪 380/555] [OK] 5285 (界霖) -> 成功補回 259 筆！
[00:54:15]   [第2輪 381/555] [OK] 5288 (豐祥-KY) -> 成功補回 50 筆！
[00:54:16]   [第2輪 382/555] [OK] 5306 (桂盟) -> 成功補回 81 筆！
[00:54:16]   [第2輪 383/555] [OK] 5292 (華懋) -> 成功補回 91 筆！
[00:54:17]   [第2輪 384/555] [OK] 5388 (中磊) -> 成功補回 413 筆！
[00:54:17]   [第2輪 385/555] [OK] 5434 (崇越) -> 成功補回 367 筆！
[00:54:20]   [第2輪 386/555] [待下輪補抓] 5469 (瀚宇博) (原因: menu_http_error:403)
[00:54:20]   [第2輪 387/555] [待下輪補抓] 5471 (松翰) (原因: menu_http_error:403)
[00:54:21]   [第2輪 388/555] [待下輪補抓] 5484 (慧友) (原因: menu_http_error:403)
[00:54:21]   [第2輪 389/555] [待下輪補抓] 5515 (建國) (原因: menu_http_error:403)
[00:54:24]   [第2輪 390/555] [待下輪補抓] 5519 (隆大) (原因: menu_http_error:403)
[00:54:25]   [第2輪 391/555] [OK] 5521 (工信) -> 成功補回 92 筆！
[00:54:25]   [第2輪 392/555] [OK] 5522 (遠雄) -> 成功補回 297 筆！
[00:54:25]   [第2輪 393/555] [OK] 5525 (順天) -> 成功補回 29 筆！
[00:54:26]   [第2輪 394/555] [OK] 5531 (鄉林) -> 成功補回 79 筆！
[00:54:27]   [第2輪 395/555] [OK] 5533 (皇鼎) -> 成功補回 30 筆！
[00:54:29]   [第2輪 396/555] [待下輪補抓] 5534 (長虹) (原因: menu_http_error:403)
[00:54:30]   [第2輪 397/555] [待下輪補抓] 5538 (東明-KY) (原因: menu_http_error:403)
[00:54:31]   [第2輪 398/555] [待下輪補抓] 5546 (永固-KY) (原因: menu_http_error:403)
[00:54:31]   [第2輪 399/555] [待下輪補抓] 5607 (遠雄港) (原因: menu_http_error:403)
[00:54:33]   [第2輪 400/555] [待下輪補抓] 5608 (四維航) (原因: menu_http_error:403)
[00:54:34]   [第2輪 401/555] [待下輪補抓] 5706 (鳳凰) (原因: post_missing_download_link)
[00:54:35]   [第2輪 402/555] [待下輪補抓] 5871 (中租-KY) (原因: post_missing_download_link)
[00:54:35]   [第2輪 403/555] [待下輪補抓] 5871A (中租-KY甲特) (原因: post_missing_download_link)
[00:54:37]   [第2輪 404/555] [待下輪補抓] 5876 (上海商銀) (原因: menu_http_error:403)
[00:54:38]   [第2輪 405/555] [待下輪補抓] 5880 (合庫金) (原因: menu_http_error:403)
[00:54:39]   [第2輪 406/555] [待下輪補抓] 5906 (台南-KY) (原因: menu_http_error:403)
[00:54:39]   [第2輪 407/555] [待下輪補抓] 5907 (大洋-KY) (原因: menu_http_error:403)
[00:54:41]   [第2輪 408/555] [待下輪補抓] 6005 (群益證) (原因: menu_http_error:403)
[00:54:42]   [第2輪 409/555] [待下輪補抓] 6024 (群益期) (原因: menu_http_error:403)
[00:54:43]   [第2輪 410/555] [待下輪補抓] 6108 (競國) (原因: menu_http_error:403)
[00:54:43]   [第2輪 411/555] [待下輪補抓] 6112 (邁達特) (原因: menu_http_error:403)
[00:54:45]   [第2輪 412/555] [待下輪補抓] 6115 (鎰勝) (原因: post_http_error:403)
[00:54:46]   [第2輪 413/555] [待下輪補抓] 6116 (彩晶) (原因: menu_http_error:403)
[00:54:47]   [第2輪 414/555] [待下輪補抓] 6117 (迎廣) (原因: menu_http_error:403)
[00:54:47]   [第2輪 415/555] [待下輪補抓] 6120 (達運) (原因: menu_http_error:403)
[00:54:50]   [第2輪 416/555] [待下輪補抓] 6128 (上福) (原因: menu_http_error:403)
[00:54:51]   [第2輪 417/555] [待下輪補抓] 6133 (金橋) (原因: menu_http_error:403)
[00:54:52]   [第2輪 418/555] [待下輪補抓] 6136 (富爾特) (原因: menu_http_error:403)
[00:54:52]   [第2輪 419/555] [待下輪補抓] 6139 (亞翔) (原因: menu_http_error:403)
[00:54:54]   [第2輪 420/555] [待下輪補抓] 6141 (柏承) (原因: menu_http_error:403)
[00:54:55]   [第2輪 421/555] [待下輪補抓] 6142 (友勁) (原因: post_missing_download_link)
[00:54:56]   [第2輪 422/555] [待下輪補抓] 6153 (嘉聯益) (原因: captcha_http_error:403)
[00:54:56]   [第2輪 423/555] [待下輪補抓] 6152 (百一) (原因: captcha_http_error:403)
[00:54:58]   [第2輪 424/555] [待下輪補抓] 6155 (鈞寶) (原因: menu_http_error:403)
[00:54:59]   [第2輪 425/555] [待下輪補抓] 6283 (淳安) (原因: menu_http_error:403)
[00:55:00]   [第2輪 426/555] [待下輪補抓] 6442 (光聖) (原因: menu_http_error:403)
[00:55:00]   [第2輪 427/555] [待下輪補抓] 6438 (迅得) (原因: menu_http_error:403)
[00:55:02]   [第2輪 428/555] [待下輪補抓] 6443 (元晶) (原因: menu_http_error:403)
[00:55:04]   [第2輪 429/555] [待下輪補抓] 6446 (藥華藥) (原因: menu_http_error:403)
[00:55:04]   [第2輪 430/555] [待下輪補抓] 6449 (鈺邦) (原因: post_missing_download_link)
[00:55:04]   [第2輪 431/555] [待下輪補抓] 6451 (訊芯-KY) (原因: post_missing_download_link)
[00:55:07]   [第2輪 432/555] [待下輪補抓] 6456 (GIS-KY) (原因: menu_http_error:403)
[00:55:08]   [第2輪 433/555] [待下輪補抓] 6558 (興能高) (原因: menu_http_error:403)
[00:55:08]   [第2輪 434/555] [待下輪補抓] 6573 (虹揚-KY) (原因: menu_http_error:403)
[00:55:09]   [第2輪 435/555] [待下輪補抓] 6579 (研揚) (原因: menu_http_error:403)
[00:55:11]   [第2輪 436/555] [待下輪補抓] 6581 (鋼聯) (原因: menu_http_error:403)
[00:55:12]   [第2輪 437/555] [待下輪補抓] 6582 (申豐) (原因: menu_http_error:403)
[00:55:12]   [第2輪 438/555] [待下輪補抓] 6585 (鼎基) (原因: menu_http_error:403)
[00:55:13]   [第2輪 439/555] [待下輪補抓] 6589 (台康生技) (原因: menu_http_error:403)
[00:55:15]   [第2輪 440/555] [待下輪補抓] 6645 (金萬林-創) (原因: post_missing_download_link)
[00:55:16]   [第2輪 441/555] [待下輪補抓] 6669 (緯穎) (原因: menu_http_error:403)
[00:55:16]   [第2輪 442/555] [待下輪補抓] 6670 (復盛應用) (原因: menu_http_error:403)
[00:55:17]   [第2輪 443/555] [待下輪補抓] 6706 (惠特) (原因: menu_http_error:403)
[00:55:19]   [第2輪 444/555] [待下輪補抓] 6715 (嘉基) (原因: menu_http_error:403)
[00:55:20]   [第2輪 445/555] [待下輪補抓] 6719 (力智) (原因: menu_http_error:403)
[00:55:21]   [第2輪 446/555] [待下輪補抓] 6722 (輝創) (原因: menu_http_error:403)
[00:55:21]   [第2輪 447/555] [待下輪補抓] 6742 (澤米) (原因: menu_http_error:403)
[00:55:23]   [第2輪 448/555] [待下輪補抓] 6743 (安普新) (原因: menu_http_error:403)
[00:55:25]   [第2輪 449/555] [待下輪補抓] 6796 (晉弘) (原因: post_missing_download_link)
[00:55:25]   [第2輪 450/555] [待下輪補抓] 6799 (來頡) (原因: post_missing_download_link)
[00:55:25]   [第2輪 451/555] [待下輪補抓] 6805 (富世達) (原因: post_missing_download_link)
[00:55:27]   [第2輪 452/555] [待下輪補抓] 6807 (峰源-KY) (原因: captcha_validation_failed)
[00:55:27]   [第2輪 453/555] [OK] 6834 (天二科技) -> 成功補回 600 筆！
[00:55:28]   [第2輪 454/555] [OK] 6830 (汎銓) -> 成功補回 623 筆！
[00:55:28]   [第2輪 455/555] [OK] 6831 (邁科) -> 成功補回 277 筆！
[00:55:29]   [第2輪 456/555] [OK] 6835 (圓裕) -> 成功補回 14 筆！
[00:55:31]   [第2輪 457/555] [待下輪補抓] 6838 (台新藥) (原因: menu_http_error:403)
[00:55:32]   [第2輪 458/555] [待下輪補抓] 6921 (嘉雨思-創) (原因: menu_http_error:403)
[00:55:32]   [第2輪 459/555] [待下輪補抓] 6854 (錼創科技-KY創) (原因: menu_http_error:403)
[00:55:33]   [第2輪 460/555] [待下輪補抓] 6923 (中台) (原因: menu_http_error:403)
[00:55:35]   [第2輪 461/555] [待下輪補抓] 6924 (榮惠-KY創) (原因: menu_http_error:403)
[00:55:36]   [第2輪 462/555] [待下輪補抓] 6928 (攸泰科技) (原因: menu_http_error:403)
[00:55:36]   [第2輪 463/555] [待下輪補抓] 6931 (青松健康) (原因: menu_http_error:403)
[00:55:37]   [第2輪 464/555] [OK] 6933 (AMAX-KY) -> 成功補回 391 筆！
[00:55:38]   [第2輪 465/555] [OK] 6934 (心誠鎂) -> 成功補回 22 筆！
[00:55:38]   [第2輪 466/555] [OK] 6936 (永鴻生技) -> 成功補回 23 筆！
[00:55:39]   [第2輪 467/555] [OK] 6937 (天虹) -> 成功補回 266 筆！
[00:55:39]   [第2輪 468/555] [OK] 6944 (兆聯實業) -> 成功補回 388 筆！
[00:55:42]   [第2輪 469/555] [待下輪補抓] 6947 (台鎔科技) (原因: menu_http_error:403)
[00:55:42]   [第2輪 470/555] [待下輪補抓] 6949 (沛爾生醫-創) (原因: menu_http_error:403)
[00:55:42]   [第2輪 471/555] [待下輪補抓] 6951 (青新-創) (原因: menu_http_error:403)
[00:55:44]   [第2輪 472/555] [待下輪補抓] 6952 (大武山) (原因: menu_http_error:403)
[00:55:46]   [第2輪 473/555] [待下輪補抓] 6955 (邦睿生技-創) (原因: menu_http_error:403)
[00:55:46]   [第2輪 474/555] [待下輪補抓] 6957 (裕慶-KY) (原因: menu_http_error:403)
[00:55:46]   [第2輪 475/555] [待下輪補抓] 6958 (日盛台駿) (原因: menu_http_error:403)
[00:55:48]   [第2輪 476/555] [OK] 7736 (虎山) -> 成功補回 10 筆！
[00:55:48]   [第2輪 477/555] [OK] 7740 (熙特爾-創) -> 成功補回 120 筆！
[00:55:48]   [第2輪 478/555] [OK] 7788 (松川精密) -> 成功補回 521 筆！
[00:55:48]   [第2輪 479/555] [OK] 7818 (溢泰實業) -> 成功補回 41 筆！
[00:55:50]   [第2輪 480/555] [OK] 7821 (神數) -> 成功補回 35 筆！
[00:55:50]   [第2輪 481/555] [OK] 7822 (倍利科) -> 成功補回 276 筆！
[00:55:53]   [第2輪 482/555] [待下輪補抓] 7823 (奧義賽博-KY創) (原因: menu_http_error:403)
[00:55:53]   [第2輪 483/555] [待下輪補抓] 7827 (漢康-KY創) (原因: menu_http_error:403)
[00:55:54]   [第2輪 484/555] [待下輪補抓] 7835 (永悅健康-創) (原因: menu_http_error:403)
[00:55:54]   [第2輪 485/555] [待下輪補抓] 7855 (和運租車) (原因: menu_http_error:403)
[00:55:57]   [第2輪 486/555] [待下輪補抓] 8011 (台通) (原因: post_missing_download_link)
[00:55:57]   [第2輪 487/555] [待下輪補抓] 8016 (矽創) (原因: post_missing_download_link)
[00:55:58]   [第2輪 488/555] [待下輪補抓] 8021 (尖點) (原因: post_missing_download_link)
[00:55:58]   [第2輪 489/555] [待下輪補抓] 8028 (昇陽半導體) (原因: post_missing_download_link)
[00:56:01]   [第2輪 490/555] [待下輪補抓] 8033 (雷虎) (原因: menu_http_error:403)
[00:56:01]   [第2輪 491/555] [待下輪補抓] 8039 (台虹) (原因: menu_http_error:403)
[00:56:02]   [第2輪 492/555] [待下輪補抓] 8045 (達運光電) (原因: menu_http_error:403)
[00:56:02]   [第2輪 493/555] [待下輪補抓] 8046 (南電) (原因: menu_http_error:403)
[00:56:05]   [第2輪 494/555] [待下輪補抓] 8210 (勤誠) (原因: menu_http_error:403)
[00:56:05]   [第2輪 495/555] [待下輪補抓] 8213 (志超) (原因: menu_http_error:403)
[00:56:06]   [第2輪 496/555] [待下輪補抓] 8215 (明基材) (原因: menu_http_error:403)
[00:56:07]   [第2輪 497/555] [待下輪補抓] 8222 (寶一) (原因: post_missing_download_link)
[00:56:09]   [第2輪 498/555] [待下輪補抓] 8261 (富鼎) (原因: menu_http_error:403)
[00:56:10]   [第2輪 499/555] [待下輪補抓] 8249 (菱光) (原因: menu_http_error:403)
[00:56:10]   [第2輪 500/555] [待下輪補抓] 8271 (宇瞻) (原因: menu_http_error:403)
[00:56:12]   [第2輪 501/555] [待下輪補抓] 8341 (日友) (原因: menu_http_error:403)
[00:56:14]   [第2輪 502/555] [待下輪補抓] 8374 (羅昇) (原因: menu_http_error:403)
[00:56:14]   [第2輪 503/555] [待下輪補抓] 8404 (百和興業-KY) (原因: menu_http_error:403)
[00:56:15]   [第2輪 504/555] [待下輪補抓] 8367 (建新國際) (原因: menu_http_error:403)
[00:56:16]   [第2輪 505/555] [待下輪補抓] 8411 (福貞-KY) (原因: menu_http_error:403)
[00:56:18]   [第2輪 506/555] [待下輪補抓] 8422 (可寧衛*) (原因: post_missing_download_link)
[00:56:19]   [第2輪 507/555] [待下輪補抓] 8429 (金麗-KY) (原因: menu_http_error:403)
[00:56:19]   [第2輪 508/555] [待下輪補抓] 8438 (昶昕) (原因: menu_http_error:403)
[00:56:20]   [第2輪 509/555] [待下輪補抓] 8442 (威宏-KY) (原因: menu_http_error:403)
[00:56:23]   [第2輪 510/555] [待下輪補抓] 8454 (富邦媒) (原因: menu_http_error:403)
[00:56:23]   [第2輪 511/555] [待下輪補抓] 8462 (柏文) (原因: menu_http_error:403)
[00:56:24]   [第2輪 512/555] [待下輪補抓] 8463 (潤泰材) (原因: menu_http_error:403)
[00:56:27]   [第2輪 513/555] [待下輪補抓] 8464 (億豐) (原因: menu_http_error:403)
[00:56:27]   [第2輪 514/555] [待下輪補抓] 8466 (美吉吉-KY) (原因: post_missing_download_link)
[00:56:28]   [第2輪 515/555] [待下輪補抓] 8467 (波力-KY) (原因: post_missing_download_link)
[00:56:30]   [第2輪 516/555] [待下輪補抓] 8443 (阿瘦) (原因: menu_http_error:403)
[00:56:31]   [第2輪 517/555] [待下輪補抓] 8473 (山林水) (原因: menu_http_error:403)
[00:56:32]   [第2輪 518/555] [待下輪補抓] 8476 (台境*) (原因: menu_http_error:403)
[00:56:32]   [第2輪 519/555] [待下輪補抓] 8478 (東哥遊艇) (原因: menu_http_error:403)
[00:56:34]   [第2輪 520/555] [待下輪補抓] 8481 (政伸) (原因: menu_http_error:403)
[00:56:35]   [第2輪 521/555] [待下輪補抓] 8482 (商億-KY) (原因: menu_http_error:403)
[00:56:36]   [第2輪 522/555] [待下輪補抓] 8487 (愛爾達-創) (原因: menu_http_error:403)
[00:56:36]   [第2輪 523/555] [待下輪補抓] 8488 (吉源-KY) (原因: menu_http_error:403)
[00:56:38]   [第2輪 524/555] [待下輪補抓] 8499 (鼎炫-KY) (原因: post_missing_download_link)
[00:56:39]   [第2輪 525/555] [待下輪補抓] 8926 (台汽電) (原因: menu_http_error:403)
[00:56:40]   [第2輪 526/555] [待下輪補抓] 8996 (高力) (原因: menu_http_error:403)
[00:56:41]   [第2輪 527/555] [待下輪補抓] 8940 (新天地) (原因: menu_http_error:403)
[00:56:42]   [第2輪 528/555] [待下輪補抓] 9103 (美德醫療-DR) (原因: menu_http_error:403)
[00:56:44]   [第2輪 529/555] [待下輪補抓] 910322 (康師傅-DR) (原因: menu_http_error:403)
[00:56:44]   [第2輪 530/555] [待下輪補抓] 9105 (泰金寶-DR) (原因: menu_http_error:403)
[00:56:45]   [第2輪 531/555] [待下輪補抓] 910861 (神州-DR) (原因: menu_http_error:403)
[00:56:46]   [第2輪 532/555] [待下輪補抓] 911608 (明輝-DR) (原因: menu_http_error:403)
[00:56:48]   [第2輪 533/555] [待下輪補抓] 911622 (泰聚亨-DR) (原因: post_missing_download_link)
[00:56:49]   [第2輪 534/555] [待下輪補抓] 911868 (同方友友-DR) (原因: post_http_error:403)
[00:56:49]   [第2輪 535/555] [待下輪補抓] 912000 (晨訊科-DR) (原因: menu_http_error:403)
[00:56:50]   [第2輪 536/555] [待下輪補抓] 9136 (巨騰-DR) (原因: menu_http_error:403)
[00:56:52]   [第2輪 537/555] [待下輪補抓] 9802 (鈺齊-KY) (原因: menu_http_error:403)
[00:56:53]   [第2輪 538/555] [待下輪補抓] 9902 (台火) (原因: menu_http_error:403)
[00:56:53]   [第2輪 539/555] [待下輪補抓] 9904 (寶成) (原因: menu_http_error:403)
[00:56:55]   [第2輪 540/555] [待下輪補抓] 9905 (大華) (原因: menu_http_error:403)
[00:56:56]   [第2輪 541/555] [待下輪補抓] 9906 (欣巴巴) (原因: menu_http_error:403)
[00:56:57]   [第2輪 542/555] [待下輪補抓] 9907 (統一實) (原因: menu_http_error:403)
[00:56:57]   [第2輪 543/555] [待下輪補抓] 9908 (大台北) (原因: post_missing_download_link)
[00:56:59]   [第2輪 544/555] [待下輪補抓] 9910 (豐泰) (原因: post_missing_download_link)
[00:57:00]   [第2輪 545/555] [待下輪補抓] 9911 (櫻花) (原因: menu_http_error:403)
[00:57:01]   [第2輪 546/555] [待下輪補抓] 9912 (偉聯) (原因: menu_http_error:403)
[00:57:01]   [第2輪 547/555] [待下輪補抓] 9914 (美利達) (原因: menu_http_error:403)
[00:57:03]   [第2輪 548/555] [待下輪補抓] 9917 (中保科) (原因: menu_http_error:403)
[00:57:04]   [第2輪 549/555] [待下輪補抓] 9918 (欣天然) (原因: menu_http_error:403)
[00:57:05]   [第2輪 550/555] [待下輪補抓] 9919 (康那香) (原因: menu_http_error:403)
[00:57:06]   [第2輪 551/555] [待下輪補抓] 9921 (巨大) (原因: menu_http_error:403)
[00:57:07]   [第2輪 552/555] [待下輪補抓] 9924 (福興) (原因: menu_http_error:403)
[00:57:08]   [第2輪 553/555] [待下輪補抓] 9925 (新保) (原因: post_missing_download_link)
[00:57:09]   [第2輪 554/555] [待下輪補抓] 9943 (好樂迪) (原因: menu_http_error:403)
[00:57:10]   [第2輪 555/555] [待下輪補抓] 9958 (世紀鋼) (原因: menu_http_error:403)
[00:57:10] [+] 第 2 輪補抓完成！成功救回 75/555 檔 (累計明確無資料: 0 檔 | 剩餘技術失敗: 480 檔)

--------------------------------------------------
[00:57:10] [*] 啟動第 3/10 輪精準安全補抓佇列 (待補抓: 480 檔)
[00:57:10] [*] 安全防護策略: 4-Workers 安全並行模式, 請求間隔 1.8s, 單檔 4 次重試
--------------------------------------------------
[00:57:15]   [第3輪 1/480] [OK] 00638R (元大滬深300反1) -> 成功補回 15 筆！
[00:57:16]   [第3輪 2/480] [OK] 00640L (富邦日本正2) -> 成功補回 51 筆！
[00:57:16]   [第3輪 3/480] [OK] 00637L (元大滬深300正2) -> 成功補回 491 筆！
[00:57:16]   [第3輪 4/480] [OK] 00639 (富邦深100) -> 成功補回 64 筆！
[00:57:20]   [第3輪 5/480] [待下輪補抓] 00681R (元大美債20反1) (原因: menu_http_error:403)
[00:57:20]   [第3輪 6/480] [待下輪補抓] 00680L (元大美債20正2) (原因: menu_http_error:403)
[00:57:21]   [第3輪 7/480] [待下輪補抓] 00682U (期元大美元指數) (原因: menu_http_error:403)
[00:57:21]   [第3輪 8/480] [待下輪補抓] 00711B (復華彭博新興債) (原因: menu_http_error:403)
[00:57:24]   [第3輪 9/480] [待下輪補抓] 00875 (國泰網路資安) (原因: menu_http_error:403)
[00:57:25]   [第3輪 10/480] [待下輪補抓] 00712 (復華富時不動產) (原因: captcha_validation_failed)
[00:57:25]   [第3輪 11/480] [OK] 00901 (永豐智能車供應鏈) -> 成功補回 42 筆！
[00:57:25]   [第3輪 12/480] [OK] 00876 (元大全球5G) -> 成功補回 115 筆！
[00:57:27]   [第3輪 13/480] [OK] 00917 (中信特選金融) -> 成功補回 226 筆！
[00:57:28]   [第3輪 14/480] [OK] 00920 (富邦ESG綠色電力) -> 成功補回 42 筆！
[00:57:28]   [第3輪 15/480] [OK] 00918 (大華優利高填息30) -> 成功補回 800 筆！
[00:57:29]   [第3輪 16/480] [OK] 00919 (群益台灣精選高息) -> 成功補回 803 筆！
[00:57:32]   [第3輪 17/480] [待下輪補抓] 00921 (兆豐龍頭等權重) (原因: menu_http_error:403)
[00:57:33]   [第3輪 18/480] [待下輪補抓] 00922 (國泰台灣領袖50) (原因: menu_http_error:403)
[00:57:33]   [第3輪 19/480] [待下輪補抓] 00930 (永豐ESG低碳高息) (原因: menu_http_error:403)
[00:57:34]   [第3輪 20/480] [待下輪補抓] 00943 (兆豐電子高息等權) (原因: menu_http_error:403)
[00:57:36]   [第3輪 21/480] [OK] 00945B (凱基美國非投等債) -> 成功補回 289 筆！
[00:57:36]   [第3輪 22/480] [OK] 00946 (群益科技高息成長) -> 成功補回 156 筆！
[00:57:36]   [第3輪 23/480] [待下輪補抓] 00944 (野村趨勢動能高息) (原因: captcha_validation_failed)
[00:57:37]   [第3輪 24/480] [OK] 00947 (台新臺灣IC設計) -> 成功補回 409 筆！
[00:57:38]   [第3輪 25/480] [OK] 00964 (中信亞太高股息) -> 成功補回 122 筆！
[00:57:39]   [第3輪 26/480] [OK] 00956 (中信日經高股息) -> 成功補回 51 筆！
[00:57:41]   [第3輪 27/480] [待下輪補抓] 009801 (中信美國創新科技) (原因: menu_http_error:403)
[00:57:42]   [第3輪 28/480] [待下輪補抓] 009802 (富邦旗艦50) (原因: menu_http_error:403)
[00:57:43]   [第3輪 29/480] [待下輪補抓] 009803 (玉山市值動能50) (原因: menu_http_error:403)
[00:57:43]   [第3輪 30/480] [待下輪補抓] 009804 (聯邦台精彩50) (原因: menu_http_error:403)
[00:57:46]   [第3輪 31/480] [待下輪補抓] 009805 (台新美國電力基建) (原因: post_missing_download_link)
[00:57:47]   [第3輪 32/480] [待下輪補抓] 009808 (華南永昌優選50) (原因: menu_http_error:403)
[00:57:48]   [第3輪 33/480] [待下輪補抓] 009809 (富邦淨零ESG50) (原因: menu_http_error:403)
[00:57:48]   [第3輪 34/480] [待下輪補抓] 00980A (主動野村臺灣優選) (原因: menu_http_error:403)
[00:57:49]   [第3輪 35/480] [OK] 009810 (玉山全球藍籌100) -> 成功補回 39 筆！
[00:57:49]   [第3輪 36/480] [OK] 009811 (統一美國50) -> 成功補回 135 筆！
[00:57:51]   [第3輪 37/480] [OK] 009812 (野村日本東證) -> 成功補回 60 筆！
[00:57:51]   [第3輪 38/480] [OK] 009813 (貝萊德標普卓越50) -> 成功補回 120 筆！
[00:57:53]   [第3輪 39/480] [OK] 00981A (主動統一台股增長) -> 成功補回 806 筆！
[00:57:53]   [第3輪 40/480] [OK] 009818 (華南永昌NASDAQxT) -> 成功補回 22 筆！
[00:57:56]   [第3輪 41/480] [待下輪補抓] 00981T (平衡凱基雙核收息) (原因: menu_http_error:403)
[00:57:56]   [第3輪 42/480] [待下輪補抓] 009820 (元大納斯達克精選) (原因: menu_http_error:403)
[00:57:57]   [第3輪 43/480] [待下輪補抓] 00983D (主動富邦複合收益) (原因: menu_http_error:403)
[00:57:58]   [第3輪 44/480] [待下輪補抓] 009821 (野村稀土關鍵資源) (原因: menu_http_error:403)
[00:58:00]   [第3輪 45/480] [OK] 020020 (元大台股領航N) -> 成功補回 5 筆！
[00:58:00]   [第3輪 46/480] [OK] 02001L (富邦蘋果正二N) -> 成功補回 18 筆！
[00:58:01]   [第3輪 47/480] [OK] 020000 (富邦特選蘋果N) -> 成功補回 3 筆！
[00:58:03]   [第3輪 48/480] [待下輪補抓] 1235 (興泰) (原因: menu_http_error:403)
[00:58:05]   [第3輪 49/480] [待下輪補抓] 1236 (宏亞) (原因: menu_http_error:403)
[00:58:05]   [第3輪 50/480] [待下輪補抓] 1256 (鮮活果汁-KY) (原因: menu_http_error:403)
[00:58:06]   [第3輪 51/480] [待下輪補抓] 1301 (台塑) (原因: menu_http_error:403)
[00:58:07]   [第3輪 52/480] [待下輪補抓] 1307 (三芳) (原因: menu_http_error:403)
[00:58:09]   [第3輪 53/480] [待下輪補抓] 1310 (台苯) (原因: menu_http_error:403)
[00:58:10]   [第3輪 54/480] [OK] 1309 (台達化) -> 成功補回 229 筆！
[00:58:10]   [第3輪 55/480] [OK] 1312 (國喬) -> 成功補回 702 筆！
[00:58:10]   [第3輪 56/480] [OK] 1313 (聯成) -> 成功補回 254 筆！
[00:58:12]   [第3輪 57/480] [OK] 1314 (中石化) -> 成功補回 519 筆！
[00:58:12]   [第3輪 58/480] [OK] 1316 (上曜) -> 成功補回 170 筆！
[00:58:13]   [第3輪 59/480] [OK] 1319 (東陽) -> 成功補回 197 筆！
[00:58:15]   [第3輪 60/480] [待下輪補抓] 1315 (達新) (原因: menu_http_error:403)
[00:58:17]   [第3輪 61/480] [待下輪補抓] 1321 (大洋) (原因: menu_http_error:403)
[00:58:17]   [第3輪 62/480] [待下輪補抓] 1323 (永裕) (原因: menu_http_error:403)
[00:58:17]   [第3輪 63/480] [待下輪補抓] 1324 (地球) (原因: menu_http_error:403)
[00:58:19]   [第3輪 64/480] [待下輪補抓] 1436 (華友聯) (原因: post_missing_download_link)
[00:58:22]   [第3輪 65/480] [待下輪補抓] 1439 (雋揚) (原因: menu_http_error:403)
[00:58:22]   [第3輪 66/480] [待下輪補抓] 1451 (年興) (原因: menu_http_error:403)
[00:58:22]   [第3輪 67/480] [待下輪補抓] 1456 (怡華) (原因: menu_http_error:403)
[00:58:24]   [第3輪 68/480] [待下輪補抓] 1463 (強盛新) (原因: menu_http_error:403)
[00:58:26]   [第3輪 69/480] [待下輪補抓] 1464 (得力) (原因: menu_http_error:403)
[00:58:27]   [第3輪 70/480] [待下輪補抓] 1465 (偉全) (原因: menu_http_error:403)
[00:58:27]   [第3輪 71/480] [待下輪補抓] 1466 (聚隆) (原因: menu_http_error:403)
[00:58:28]   [第3輪 72/480] [待下輪補抓] 1467 (南緯) (原因: menu_http_error:403)
[00:58:31]   [第3輪 73/480] [待下輪補抓] 1468 (昶和) (原因: menu_http_error:403)
[00:58:32]   [第3輪 74/480] [待下輪補抓] 1471 (首利) (原因: menu_http_error:403)
[00:58:32]   [第3輪 75/480] [待下輪補抓] 1470 (大統新創) (原因: menu_http_error:403)
[00:58:33]   [第3輪 76/480] [待下輪補抓] 1516 (川飛) (原因: menu_http_error:403)
[00:58:36]   [第3輪 77/480] [待下輪補抓] 1517 (利奇) (原因: menu_http_error:403)
[00:58:37]   [第3輪 78/480] [待下輪補抓] 1519 (華城) (原因: menu_http_error:403)
[00:58:37]   [第3輪 79/480] [待下輪補抓] 1521 (大億) (原因: menu_http_error:403)
[00:58:38]   [第3輪 80/480] [待下輪補抓] 1522 (堤維西) (原因: menu_http_error:403)
[00:58:41]   [第3輪 81/480] [待下輪補抓] 1522A (堤維西甲特) (原因: post_missing_download_link)
[00:58:42]   [第3輪 82/480] [待下輪補抓] 1524 (耿鼎) (原因: menu_http_error:403)
[00:58:42]   [第3輪 83/480] [待下輪補抓] 1525 (江申) (原因: menu_http_error:403)
[00:58:43]   [第3輪 84/480] [待下輪補抓] 1526 (日馳) (原因: menu_http_error:403)
[00:58:46]   [第3輪 85/480] [待下輪補抓] 1527 (鑽全) (原因: menu_http_error:403)
[00:58:47]   [第3輪 86/480] [待下輪補抓] 1528 (恩德) (原因: menu_http_error:403)
[00:58:47]   [第3輪 87/480] [待下輪補抓] 1529 (樂事綠能) (原因: menu_http_error:403)
[00:58:47]   [第3輪 88/480] [待下輪補抓] 1530 (亞崴) (原因: menu_http_error:403)
[00:58:50]   [第3輪 89/480] [待下輪補抓] 1531 (高林股) (原因: post_missing_download_link)
[00:58:51]   [第3輪 90/480] [待下輪補抓] 1532 (勤美) (原因: post_missing_download_link)
[00:58:51]   [第3輪 91/480] [待下輪補抓] 1533 (車王電) (原因: post_missing_download_link)
[00:58:52]   [第3輪 92/480] [待下輪補抓] 1535 (中宇) (原因: post_http_error:403)
[00:58:55]   [第3輪 93/480] [待下輪補抓] 1536 (和大) (原因: menu_http_error:403)
[00:58:56]   [第3輪 94/480] [待下輪補抓] 1537 (廣隆) (原因: menu_http_error:403)
[00:58:56]   [第3輪 95/480] [待下輪補抓] 1538 (正峰) (原因: menu_http_error:403)
[00:58:57]   [第3輪 96/480] [待下輪補抓] 1539 (巨庭) (原因: menu_http_error:403)
[00:58:59]   [第3輪 97/480] [待下輪補抓] 1540 (喬福) (原因: menu_http_error:403)
[00:59:00]   [第3輪 98/480] [待下輪補抓] 1541 (錩泰) (原因: post_missing_download_link)
[00:59:01]   [第3輪 99/480] [待下輪補抓] 1558 (伸興) (原因: post_missing_download_link)
[00:59:02]   [第3輪 100/480] [待下輪補抓] 1560 (中砂) (原因: post_missing_download_link)
[00:59:04]   [第3輪 101/480] [待下輪補抓] 1563 (巧新) (原因: menu_http_error:403)
[00:59:05]   [第3輪 102/480] [待下輪補抓] 1568 (倉佑) (原因: menu_http_error:403)
[00:59:06]   [第3輪 103/480] [待下輪補抓] 1582 (信錦) (原因: menu_http_error:403)
[00:59:06]   [第3輪 104/480] [待下輪補抓] 1583 (程泰) (原因: menu_http_error:403)
[00:59:09]   [第3輪 105/480] [待下輪補抓] 1587 (吉茂) (原因: menu_http_error:403)
[00:59:10]   [第3輪 106/480] [待下輪補抓] 1590 (亞德客-KY) (原因: menu_http_error:403)
[00:59:11]   [第3輪 107/480] [待下輪補抓] 1597 (直得) (原因: post_missing_download_link)
[00:59:11]   [第3輪 108/480] [待下輪補抓] 1598 (岱宇) (原因: post_missing_download_link)
[00:59:13]   [第3輪 109/480] [待下輪補抓] 1603 (華電) (原因: menu_http_error:403)
[00:59:15]   [第3輪 110/480] [待下輪補抓] 1604 (聲寶) (原因: menu_http_error:403)
[00:59:15]   [第3輪 111/480] [待下輪補抓] 1605 (華新) (原因: menu_http_error:403)
[00:59:15]   [第3輪 112/480] [待下輪補抓] 1608 (華榮) (原因: menu_http_error:403)
[00:59:18]   [第3輪 113/480] [待下輪補抓] 1614 (三洋電) (原因: menu_http_error:403)
[00:59:19]   [第3輪 114/480] [待下輪補抓] 1725 (元禎) (原因: menu_http_error:403)
[00:59:20]   [第3輪 115/480] [待下輪補抓] 1736 (喬山) (原因: menu_http_error:403)
[00:59:20]   [第3輪 116/480] [待下輪補抓] 1762 (中化生) (原因: menu_http_error:403)
[00:59:23]   [第3輪 117/480] [待下輪補抓] 1783 (和康生) (原因: post_missing_download_link)
[00:59:24]   [第3輪 118/480] [待下輪補抓] 1904 (正隆) (原因: menu_http_error:403)
[00:59:25]   [第3輪 119/480] [待下輪補抓] 1789 (神隆) (原因: menu_http_error:403)
[00:59:26]   [第3輪 120/480] [待下輪補抓] 1786 (科妍) (原因: menu_http_error:403)
[00:59:28]   [第3輪 121/480] [待下輪補抓] 2015 (豐興) (原因: menu_http_error:403)
[00:59:29]   [第3輪 122/480] [待下輪補抓] 2024 (志聯) (原因: menu_http_error:403)
[00:59:30]   [第3輪 123/480] [待下輪補抓] 2025 (千興) (原因: menu_http_error:403)
[00:59:30]   [第3輪 124/480] [待下輪補抓] 2027 (大成鋼) (原因: menu_http_error:403)
[00:59:33]   [第3輪 125/480] [待下輪補抓] 2028 (威致) (原因: post_missing_download_link)
[00:59:34]   [第3輪 126/480] [待下輪補抓] 2029 (盛餘) (原因: menu_http_error:403)
[00:59:34]   [第3輪 127/480] [待下輪補抓] 2030 (彰源) (原因: menu_http_error:403)
[00:59:35]   [第3輪 128/480] [待下輪補抓] 2031 (新光鋼) (原因: menu_http_error:403)
[00:59:37]   [第3輪 129/480] [待下輪補抓] 2032 (新鋼) (原因: menu_http_error:403)
[00:59:39]   [第3輪 130/480] [待下輪補抓] 2109 (華豐) (原因: menu_http_error:403)
[00:59:39]   [第3輪 131/480] [待下輪補抓] 2033 (佳大) (原因: menu_http_error:403)
[00:59:40]   [第3輪 132/480] [待下輪補抓] 2114 (鑫永銓) (原因: menu_http_error:403)
[00:59:43]   [第3輪 133/480] [待下輪補抓] 2115 (六暉-KY) (原因: post_missing_download_link)
[00:59:44]   [第3輪 134/480] [待下輪補抓] 2204 (中華) (原因: menu_http_error:403)
[00:59:44]   [第3輪 135/480] [待下輪補抓] 2201 (裕隆) (原因: menu_http_error:403)
[00:59:45]   [第3輪 136/480] [待下輪補抓] 2206 (三陽工業) (原因: menu_http_error:403)
[00:59:47]   [第3輪 137/480] [待下輪補抓] 2207 (和泰車) (原因: menu_http_error:403)
[00:59:50]   [第3輪 138/480] [待下輪補抓] 2355 (敬鵬) (原因: menu_http_error:403)
[00:59:50]   [第3輪 139/480] [待下輪補抓] 2328 (廣宇) (原因: menu_http_error:403)
[00:59:50]   [第3輪 140/480] [待下輪補抓] 2356 (英業達) (原因: menu_http_error:403)
[00:59:52]   [第3輪 141/480] [待下輪補抓] 2357 (華碩) (原因: post_missing_download_link)
[00:59:55]   [第3輪 142/480] [待下輪補抓] 2360 (致茂) (原因: menu_http_error:403)
[00:59:56]   [第3輪 143/480] [待下輪補抓] 2362 (藍天) (原因: menu_http_error:403)
[00:59:56]   [第3輪 144/480] [待下輪補抓] 2359 (所羅門) (原因: menu_http_error:403)
[00:59:57]   [第3輪 145/480] [待下輪補抓] 2363 (矽統) (原因: menu_http_error:403)
[00:59:59]   [第3輪 146/480] [待下輪補抓] 2364 (倫飛) (原因: menu_http_error:403)
[01:00:00]   [第3輪 147/480] [待下輪補抓] 2365 (昆盈) (原因: menu_http_error:403)
[01:00:02]   [第3輪 148/480] [待下輪補抓] 2368 (金像電) (原因: post_missing_download_link)
[01:00:02]   [第3輪 149/480] [待下輪補抓] 2367 (燿華) (原因: post_missing_download_link)
[01:00:04]   [第3輪 150/480] [待下輪補抓] 2412 (中華電) (原因: http_exception:ConnectionError)
[01:00:05]   [第3輪 151/480] [待下輪補抓] 2376 (技嘉) (原因: menu_http_error:403)
[01:00:07]   [第3輪 152/480] [待下輪補抓] 2413 (環科) (原因: menu_http_error:403)
[01:00:07]   [第3輪 153/480] [待下輪補抓] 2414 (精技) (原因: menu_http_error:403)
[01:00:09]   [第3輪 154/480] [待下輪補抓] 2417 (圓剛) (原因: menu_http_error:403)
[01:00:09]   [第3輪 155/480] [待下輪補抓] 2415 (錩新) (原因: menu_http_error:403)
[01:00:12]   [第3輪 156/480] [待下輪補抓] 2419 (仲琦) (原因: menu_http_error:403)
[01:00:12]   [第3輪 157/480] [待下輪補抓] 2420 (新巨) (原因: menu_http_error:403)
[01:00:14]   [第3輪 158/480] [待下輪補抓] 2425 (承啟) (原因: post_missing_download_link)
[01:00:14]   [第3輪 159/480] [待下輪補抓] 2427 (三商電) (原因: post_missing_download_link)
[01:00:16]   [第3輪 160/480] [待下輪補抓] 2428 (興勤) (原因: menu_http_error:403)
[01:00:18]   [第3輪 161/480] [待下輪補抓] 2429 (銘旺科) (原因: menu_http_error:403)
[01:00:19]   [第3輪 162/480] [待下輪補抓] 2430 (燦坤) (原因: menu_http_error:403)
[01:00:19]   [第3輪 163/480] [待下輪補抓] 2431 (聯昌) (原因: menu_http_error:403)
[01:00:21]   [第3輪 164/480] [待下輪補抓] 2432 (倚天酷碁-創) (原因: menu_http_error:403)
[01:00:23]   [第3輪 165/480] [待下輪補抓] 2439 (美律) (原因: post_missing_download_link)
[01:00:23]   [第3輪 166/480] [待下輪補抓] 2436 (偉詮電) (原因: post_missing_download_link)
[01:00:24]   [第3輪 167/480] [待下輪補抓] 2440 (太空梭) (原因: post_missing_download_link)
[01:00:26]   [第3輪 168/480] [待下輪補抓] 2441 (超豐) (原因: menu_http_error:403)
[01:00:28]   [第3輪 169/480] [待下輪補抓] 2442 (新美齊) (原因: menu_http_error:403)
[01:00:28]   [第3輪 170/480] [待下輪補抓] 2444 (兆勁) (原因: menu_http_error:403)
[01:00:28]   [第3輪 171/480] [待下輪補抓] 2449 (京元電子) (原因: menu_http_error:403)
[01:00:31]   [第3輪 172/480] [待下輪補抓] 2450 (神腦) (原因: menu_http_error:403)
[01:00:33]   [第3輪 173/480] [待下輪補抓] 2466 (冠西電) (原因: post_missing_download_link)
[01:00:33]   [第3輪 174/480] [待下輪補抓] 2476 (鉅祥) (原因: post_missing_download_link)
[01:00:33]   [第3輪 175/480] [待下輪補抓] 2478 (大毅) (原因: post_missing_download_link)
[01:00:37]   [第3輪 176/480] [待下輪補抓] 2480 (敦陽科) (原因: menu_http_error:403)
[01:00:38]   [第3輪 177/480] [待下輪補抓] 2481 (強茂) (原因: menu_http_error:403)
[01:00:38]   [第3輪 178/480] [待下輪補抓] 2482 (連宇) (原因: menu_http_error:403)
[01:00:38]   [第3輪 179/480] [待下輪補抓] 2483 (百容) (原因: menu_http_error:403)
[01:00:41]   [第3輪 180/480] [待下輪補抓] 2489 (瑞軒) (原因: menu_http_error:403)
[01:00:42]   [第3輪 181/480] [待下輪補抓] 2515 (中工) (原因: menu_http_error:403)
[01:00:43]   [第3輪 182/480] [待下輪補抓] 2538 (基泰) (原因: menu_http_error:403)
[01:00:43]   [第3輪 183/480] [待下輪補抓] 2539 (櫻花建) (原因: menu_http_error:403)
[01:00:46]   [第3輪 184/480] [待下輪補抓] 2540 (愛山林) (原因: post_http_error:403)
[01:00:47]   [第3輪 185/480] [待下輪補抓] 2542 (興富發) (原因: menu_http_error:403)
[01:00:48]   [第3輪 186/480] [待下輪補抓] 2543 (皇昌) (原因: captcha_validation_failed)
[01:00:49]   [第3輪 187/480] [OK] 2545 (皇翔) -> 成功補回 58 筆！
[01:00:49]   [第3輪 188/480] [OK] 2546 (根基) -> 成功補回 264 筆！
[01:00:50]   [第3輪 189/480] [OK] 2547 (日勝生) -> 成功補回 189 筆！
[01:00:50]   [第3輪 190/480] [OK] 2548 (華固) -> 成功補回 350 筆！
[01:00:54]   [第3輪 191/480] [待下輪補抓] 2597 (潤弘) (原因: menu_http_error:403)
[01:00:54]   [第3輪 192/480] [待下輪補抓] 2601 (益航) (原因: menu_http_error:403)
[01:00:54]   [第3輪 193/480] [待下輪補抓] 2603 (長榮) (原因: menu_http_error:403)
[01:00:55]   [第3輪 194/480] [待下輪補抓] 2634 (漢翔) (原因: menu_http_error:403)
[01:00:58]   [第3輪 195/480] [OK] 2636 (台驊控股) -> 成功補回 133 筆！
[01:00:59]   [第3輪 196/480] [OK] 2739 (寒舍) -> 成功補回 34 筆！
[01:00:59]   [第3輪 197/480] [OK] 2712 (遠雄來) -> 成功補回 19 筆！
[01:00:59]   [第3輪 198/480] [OK] 2731 (雄獅) -> 成功補回 146 筆！
[01:01:03]   [第3輪 199/480] [待下輪補抓] 2748 (雲品) (原因: menu_http_error:403)
[01:01:03]   [第3輪 200/480] [待下輪補抓] 2753 (八方雲集) (原因: menu_http_error:403)
[01:01:04]   [第3輪 201/480] [待下輪補抓] 2762 (世界健身-KY) (原因: menu_http_error:403)
[01:01:04]   [第3輪 202/480] [待下輪補抓] 2801 (彰銀) (原因: menu_http_error:403)
[01:01:07]   [第3輪 203/480] [待下輪補抓] 2812 (台中銀) (原因: menu_http_error:403)
[01:01:08]   [第3輪 204/480] [待下輪補抓] 2816 (旺旺保) (原因: captcha_validation_failed)
[01:01:08]   [第3輪 205/480] [OK] 2832 (台產) -> 成功補回 104 筆！
[01:01:09]   [第3輪 206/480] [OK] 2820 (華票) -> 成功補回 254 筆！
[01:01:11]   [第3輪 207/480] [OK] 2881A (富邦特) -> 成功補回 22 筆！
[01:01:11]   [第3輪 208/480] [OK] 2849 (安泰銀) -> 成功補回 60 筆！
[01:01:12]   [第3輪 209/480] [待下輪補抓] 2834 (臺企銀) (原因: menu_http_error:403)
[01:01:13]   [第3輪 210/480] [待下輪補抓] 2882B (國泰金乙特) (原因: menu_http_error:403)
[01:01:15]   [第3輪 211/480] [待下輪補抓] 2883 (凱基金) (原因: menu_http_error:403)
[01:01:16]   [第3輪 212/480] [待下輪補抓] 2883B (凱基金乙特) (原因: menu_http_error:403)
[01:01:17]   [第3輪 213/480] [待下輪補抓] 2884 (玉山金) (原因: post_missing_download_link)
[01:01:18]   [第3輪 214/480] [待下輪補抓] 2887F (台新新光戊特二) (原因: menu_http_error:403)
[01:01:19]   [第3輪 215/480] [OK] 2887E (台新新光戊特一) -> 成功補回 73 筆！
[01:01:20]   [第3輪 216/480] [OK] 2887H (台新新光庚特二) -> 成功補回 28 筆！
[01:01:20]   [第3輪 217/480] [OK] 2887G (台新新光庚特一) -> 成功補回 26 筆！
[01:01:21]   [第3輪 218/480] [OK] 2887I (台新新光辛特) -> 成功補回 177 筆！
[01:01:22]   [第3輪 219/480] [OK] 2889 (國票金) -> 成功補回 670 筆！
[01:01:24]   [第3輪 220/480] [待下輪補抓] 2890 (永豐金) (原因: menu_http_error:403)
[01:01:24]   [第3輪 221/480] [待下輪補抓] 2887Z1 (台新新光己特) (原因: menu_http_error:403)
[01:01:25]   [第3輪 222/480] [待下輪補抓] 3017 (奇鋐) (原因: menu_http_error:403)
[01:01:26]   [第3輪 223/480] [待下輪補抓] 3018 (隆銘綠能) (原因: menu_http_error:403)
[01:01:29]   [第3輪 224/480] [OK] 3023 (信邦) -> 成功補回 230 筆！
[01:01:29]   [第3輪 225/480] [OK] 3022 (威強電) -> 成功補回 244 筆！
[01:01:29]   [第3輪 226/480] [OK] 3021 (鴻名) -> 成功補回 317 筆！
[01:01:29]   [第3輪 227/480] [OK] 3019 (亞光) -> 成功補回 718 筆！
[01:01:32]   [第3輪 228/480] [OK] 3024 (憶聲) -> 成功補回 110 筆！
[01:01:32]   [第3輪 229/480] [OK] 3025 (星通) -> 成功補回 75 筆！
[01:01:34]   [第3輪 230/480] [待下輪補抓] 3028 (增你強) (原因: menu_http_error:403)
[01:01:34]   [第3輪 231/480] [待下輪補抓] 3040 (遠見) (原因: menu_http_error:403)
[01:01:36]   [第3輪 232/480] [待下輪補抓] 3042 (晶技) (原因: menu_http_error:403)
[01:01:37]   [第3輪 233/480] [待下輪補抓] 3041 (揚智) (原因: menu_http_error:403)
[01:01:38]   [第3輪 234/480] [待下輪補抓] 3043 (科風) (原因: menu_http_error:403)
[01:01:39]   [第3輪 235/480] [OK] 3044 (健鼎) -> 成功補回 640 筆！
[01:01:39]   [第3輪 236/480] [OK] 3046 (建碁) -> 成功補回 90 筆！
[01:01:41]   [第3輪 237/480] [OK] 3047 (訊舟) -> 成功補回 104 筆！
[01:01:41]   [第3輪 238/480] [OK] 3045 (台灣大) -> 成功補回 429 筆！
[01:01:44]   [第3輪 239/480] [待下輪補抓] 3048 (益登) (原因: menu_http_error:403)
[01:01:44]   [第3輪 240/480] [待下輪補抓] 3049 (精金) (原因: menu_http_error:403)
[01:01:46]   [第3輪 241/480] [待下輪補抓] 3050 (鈺德) (原因: menu_http_error:403)
[01:01:46]   [第3輪 242/480] [待下輪補抓] 3051 (力特) (原因: menu_http_error:403)
[01:01:49]   [第3輪 243/480] [待下輪補抓] 3052 (夆典) (原因: post_missing_download_link)
[01:01:49]   [第3輪 244/480] [待下輪補抓] 3054 (立萬利) (原因: post_missing_download_link)
[01:01:50]   [第3輪 245/480] [待下輪補抓] 3055 (蔚華科) (原因: menu_http_error:403)
[01:01:51]   [第3輪 246/480] [待下輪補抓] 3056 (富華新) (原因: menu_http_error:403)
[01:01:53]   [第3輪 247/480] [待下輪補抓] 3057 (喬鼎) (原因: menu_http_error:403)
[01:01:54]   [第3輪 248/480] [待下輪補抓] 3058 (立德) (原因: menu_http_error:403)
[01:01:55]   [第3輪 249/480] [待下輪補抓] 3059 (華晶科) (原因: menu_http_error:403)
[01:01:55]   [第3輪 250/480] [待下輪補抓] 3060 (銘異) (原因: menu_http_error:403)
[01:01:58]   [第3輪 251/480] [待下輪補抓] 3090 (日電貿) (原因: menu_http_error:403)
[01:01:58]   [第3輪 252/480] [待下輪補抓] 3062 (建漢) (原因: post_missing_download_link)
[01:02:00]   [第3輪 253/480] [待下輪補抓] 3092 (鴻碩) (原因: post_missing_download_link)
[01:02:00]   [第3輪 254/480] [待下輪補抓] 3094 (聯傑) (原因: post_missing_download_link)
[01:02:02]   [第3輪 255/480] [待下輪補抓] 3130 (一零四) (原因: menu_http_error:403)
[01:02:03]   [第3輪 256/480] [待下輪補抓] 3135 (凌航) (原因: menu_http_error:403)
[01:02:04]   [第3輪 257/480] [待下輪補抓] 3138 (耀登) (原因: menu_http_error:403)
[01:02:05]   [第3輪 258/480] [待下輪補抓] 3149 (正達) (原因: menu_http_error:403)
[01:02:07]   [第3輪 259/480] [待下輪補抓] 3150 (鈺寶-創) (原因: menu_http_error:403)
[01:02:08]   [第3輪 260/480] [待下輪補抓] 3167 (大量) (原因: menu_http_error:403)
[01:02:09]   [第3輪 261/480] [待下輪補抓] 3164 (景岳) (原因: post_missing_download_link)
[01:02:09]   [第3輪 262/480] [待下輪補抓] 3168 (眾福科) (原因: post_missing_download_link)
[01:02:12]   [第3輪 263/480] [待下輪補抓] 3189 (景碩) (原因: menu_http_error:403)
[01:02:13]   [第3輪 264/480] [待下輪補抓] 3209 (全科) (原因: menu_http_error:403)
[01:02:14]   [第3輪 265/480] [待下輪補抓] 3229 (晟鈦) (原因: menu_http_error:403)
[01:02:14]   [第3輪 266/480] [待下輪補抓] 3231 (緯創) (原因: menu_http_error:403)
[01:02:17]   [第3輪 267/480] [待下輪補抓] 3257 (虹冠電) (原因: menu_http_error:403)
[01:02:17]   [第3輪 268/480] [待下輪補抓] 3266 (昇陽) (原因: menu_http_error:403)
[01:02:18]   [第3輪 269/480] [待下輪補抓] 3376 (新日興) (原因: menu_http_error:403)
[01:02:19]   [第3輪 270/480] [待下輪補抓] 3437 (榮創) (原因: post_missing_download_link)
[01:02:23]   [第3輪 271/480] [待下輪補抓] 3443 (創意) (原因: menu_http_error:403)
[01:02:23]   [第3輪 272/480] [待下輪補抓] 3447 (展達) (原因: menu_http_error:403)
[01:02:24]   [第3輪 273/480] [待下輪補抓] 3450 (聯鈞) (原因: menu_http_error:403)
[01:02:25]   [第3輪 274/480] [待下輪補抓] 3481 (群創) (原因: menu_http_error:403)
[01:02:26]   [第3輪 275/480] [OK] 3501 (維熹) -> 成功補回 100 筆！
[01:02:27]   [第3輪 276/480] [OK] 3494 (誠研) -> 成功補回 25 筆！
[01:02:28]   [第3輪 277/480] [OK] 3504 (揚明光) -> 成功補回 524 筆！
[01:02:29]   [第3輪 278/480] [待下輪補抓] 3515 (華擎) (原因: menu_http_error:403)
[01:02:31]   [第3輪 279/480] [待下輪補抓] 3518 (柏騰) (原因: menu_http_error:403)
[01:02:32]   [第3輪 280/480] [待下輪補抓] 3528 (安馳) (原因: menu_http_error:403)
[01:02:32]   [第3輪 281/480] [待下輪補抓] 3530 (晶相光) (原因: menu_http_error:403)
[01:02:34]   [第3輪 282/480] [待下輪補抓] 3532 (台勝科) (原因: menu_http_error:403)
[01:02:36]   [第3輪 283/480] [OK] 3535 (晶彩科) -> 成功補回 273 筆！
[01:02:36]   [第3輪 284/480] [OK] 3533 (嘉澤) -> 成功補回 676 筆！
[01:02:37]   [第3輪 285/480] [OK] 3545 (敦泰) -> 成功補回 179 筆！
[01:02:37]   [第3輪 286/480] [OK] 3543 (州巧) -> 成功補回 147 筆！
[01:02:38]   [第3輪 287/480] [OK] 3550 (聯穎) -> 成功補回 243 筆！
[01:02:38]   [第3輪 288/480] [OK] 3557 (嘉威) -> 成功補回 35 筆！
[01:02:42]   [第3輪 289/480] [待下輪補抓] 3686 (達能) (原因: menu_http_error:403)
[01:02:42]   [第3輪 290/480] [待下輪補抓] 3679 (新至陞) (原因: menu_http_error:403)
[01:02:43]   [第3輪 291/480] [待下輪補抓] 3694 (海華) (原因: menu_http_error:403)
[01:02:44]   [第3輪 292/480] [待下輪補抓] 3701 (大眾控) (原因: menu_http_error:403)
[01:02:46]   [第3輪 293/480] [OK] 3702 (大聯大) -> 成功補回 542 筆！
[01:02:46]   [第3輪 294/480] [OK] 3703 (欣陸) -> 成功補回 108 筆！
[01:02:46]   [第3輪 295/480] [OK] 3705 (永信) -> 成功補回 61 筆！
[01:02:47]   [第3輪 296/480] [OK] 3704 (合勤控) -> 成功補回 486 筆！
[01:02:49]   [第3輪 297/480] [OK] 3715 (定穎投控) -> 成功補回 526 筆！
[01:02:51]   [第3輪 298/480] [待下輪補抓] 4106 (雃博) (原因: menu_http_error:403)
[01:02:51]   [第3輪 299/480] [待下輪補抓] 4137 (麗豐-KY) (原因: menu_http_error:403)
[01:02:51]   [第3輪 300/480] [待下輪補抓] 4133 (亞諾法) (原因: menu_http_error:403)
[01:02:53]   [第3輪 301/480] [待下輪補抓] 4142 (國光生) (原因: menu_http_error:403)
[01:02:56]   [第3輪 302/480] [待下輪補抓] 4148 (全宇生技-KY) (原因: post_missing_download_link)
[01:02:56]   [第3輪 303/480] [待下輪補抓] 4155 (訊映) (原因: post_missing_download_link)
[01:02:56]   [第3輪 304/480] [待下輪補抓] 4164 (承業醫) (原因: post_missing_download_link)
[01:02:58]   [第3輪 305/480] [待下輪補抓] 4169 (泰宗) (原因: menu_http_error:403)
[01:03:00]   [第3輪 306/480] [待下輪補抓] 4178 (永笙-KY) (原因: menu_http_error:403)
[01:03:01]   [第3輪 307/480] [待下輪補抓] 4190 (佐登-KY) (原因: menu_http_error:403)
[01:03:01]   [第3輪 308/480] [待下輪補抓] 4195 (基米-創) (原因: menu_http_error:403)
[01:03:03]   [第3輪 309/480] [待下輪補抓] 4306 (炎洲) (原因: menu_http_error:403)
[01:03:05]   [第3輪 310/480] [待下輪補抓] 4414 (如興) (原因: post_missing_download_link)
[01:03:05]   [第3輪 311/480] [待下輪補抓] 4426 (利勤) (原因: post_missing_download_link)
[01:03:05]   [第3輪 312/480] [待下輪補抓] 4438 (廣越) (原因: post_missing_download_link)
[01:03:07]   [第3輪 313/480] [待下輪補抓] 4439 (冠星-KY) (原因: post_missing_download_link)
[01:03:10]   [第3輪 314/480] [待下輪補抓] 4564 (元翎) (原因: menu_http_error:403)
[01:03:10]   [第3輪 315/480] [待下輪補抓] 4566 (時碩工業) (原因: menu_http_error:403)
[01:03:10]   [第3輪 316/480] [待下輪補抓] 4569 (六方科-KY) (原因: menu_http_error:403)
[01:03:12]   [第3輪 317/480] [待下輪補抓] 4571 (鈞興-KY) (原因: menu_http_error:403)
[01:03:14]   [第3輪 318/480] [待下輪補抓] 4572 (駐龍) (原因: menu_http_error:403)
[01:03:15]   [第3輪 319/480] [待下輪補抓] 4576 (大銀微系統) (原因: menu_http_error:403)
[01:03:15]   [第3輪 320/480] [待下輪補抓] 4581 (光隆精密-KY) (原因: menu_http_error:403)
[01:03:17]   [第3輪 321/480] [待下輪補抓] 4582 (聚恆-創) (原因: post_missing_download_link)
[01:03:19]   [第3輪 322/480] [待下輪補抓] 4583 (台灣精銳) (原因: menu_http_error:403)
[01:03:19]   [第3輪 323/480] [待下輪補抓] 5234 (達興材料) (原因: menu_http_error:403)
[01:03:20]   [第3輪 324/480] [待下輪補抓] 5236 (凌陽創新) (原因: menu_http_error:403)
[01:03:21]   [第3輪 325/480] [待下輪補抓] 5243 (乙盛-KY) (原因: menu_http_error:403)
[01:03:24]   [第3輪 326/480] [待下輪補抓] 5244 (弘凱) (原因: menu_http_error:403)
[01:03:24]   [第3輪 327/480] [待下輪補抓] 5258 (虹堡) (原因: menu_http_error:403)
[01:03:24]   [第3輪 328/480] [待下輪補抓] 5269 (祥碩) (原因: menu_http_error:403)
[01:03:27]   [第3輪 329/480] [待下輪補抓] 5283 (禾聯碩) (原因: post_missing_download_link)
[01:03:29]   [第3輪 330/480] [待下輪補抓] 5469 (瀚宇博) (原因: menu_http_error:403)
[01:03:29]   [第3輪 331/480] [待下輪補抓] 5284 (jpp-KY) (原因: menu_http_error:403)
[01:03:29]   [第3輪 332/480] [待下輪補抓] 5471 (松翰) (原因: menu_http_error:403)
[01:03:32]   [第3輪 333/480] [待下輪補抓] 5484 (慧友) (原因: menu_http_error:403)
[01:03:33]   [第3輪 334/480] [待下輪補抓] 5515 (建國) (原因: menu_http_error:403)
[01:03:33]   [第3輪 335/480] [待下輪補抓] 5519 (隆大) (原因: menu_http_error:403)
[01:03:34]   [第3輪 336/480] [待下輪補抓] 5534 (長虹) (原因: menu_http_error:403)
[01:03:36]   [第3輪 337/480] [待下輪補抓] 5538 (東明-KY) (原因: post_missing_download_link)
[01:03:38]   [第3輪 338/480] [待下輪補抓] 5546 (永固-KY) (原因: post_http_error:403)
[01:03:38]   [第3輪 339/480] [待下輪補抓] 5607 (遠雄港) (原因: menu_http_error:403)
[01:03:38]   [第3輪 340/480] [待下輪補抓] 5608 (四維航) (原因: menu_http_error:403)
[01:03:41]   [第3輪 341/480] [待下輪補抓] 5706 (鳳凰) (原因: menu_http_error:403)
[01:03:43]   [第3輪 342/480] [待下輪補抓] 5871A (中租-KY甲特) (原因: menu_http_error:403)
[01:03:43]   [第3輪 343/480] [待下輪補抓] 5871 (中租-KY) (原因: menu_http_error:403)
[01:03:44]   [第3輪 344/480] [待下輪補抓] 5876 (上海商銀) (原因: menu_http_error:403)
[01:03:46]   [第3輪 345/480] [待下輪補抓] 5880 (合庫金) (原因: menu_http_error:403)
[01:03:48]   [第3輪 346/480] [待下輪補抓] 5906 (台南-KY) (原因: post_missing_download_link)
[01:03:49]   [第3輪 347/480] [待下輪補抓] 5907 (大洋-KY) (原因: post_http_error:403)
[01:03:49]   [第3輪 348/480] [待下輪補抓] 6005 (群益證) (原因: menu_http_error:403)
[01:03:51]   [第3輪 349/480] [待下輪補抓] 6024 (群益期) (原因: menu_http_error:403)
[01:03:53]   [第3輪 350/480] [待下輪補抓] 6108 (競國) (原因: menu_http_error:403)
[01:03:53]   [第3輪 351/480] [待下輪補抓] 6112 (邁達特) (原因: menu_http_error:403)
[01:03:54]   [第3輪 352/480] [待下輪補抓] 6115 (鎰勝) (原因: menu_http_error:403)
[01:03:56]   [第3輪 353/480] [待下輪補抓] 6116 (彩晶) (原因: menu_http_error:403)
[01:03:57]   [第3輪 354/480] [待下輪補抓] 6117 (迎廣) (原因: post_missing_download_link)
[01:03:58]   [第3輪 355/480] [待下輪補抓] 6120 (達運) (原因: post_missing_download_link)
[01:03:59]   [第3輪 356/480] [待下輪補抓] 6128 (上福) (原因: post_missing_download_link)
[01:04:00]   [第3輪 357/480] [OK] 6136 (富爾特) -> 成功補回 45 筆！
[01:04:01]   [第3輪 358/480] [OK] 6133 (金橋) -> 成功補回 456 筆！
[01:04:01]   [第3輪 359/480] [OK] 6139 (亞翔) -> 成功補回 673 筆！
[01:04:01]   [第3輪 360/480] [OK] 6141 (柏承) -> 成功補回 409 筆！
[01:04:03]   [第3輪 361/480] [OK] 6142 (友勁) -> 成功補回 178 筆！
[01:04:03]   [第3輪 362/480] [OK] 6152 (百一) -> 成功補回 303 筆！
[01:04:06]   [第3輪 363/480] [待下輪補抓] 6153 (嘉聯益) (原因: menu_http_error:403)
[01:04:06]   [第3輪 364/480] [待下輪補抓] 6155 (鈞寶) (原因: menu_http_error:403)
[01:04:07]   [第3輪 365/480] [待下輪補抓] 6283 (淳安) (原因: menu_http_error:403)
[01:04:08]   [第3輪 366/480] [待下輪補抓] 6442 (光聖) (原因: menu_http_error:403)
[01:04:10]   [第3輪 367/480] [待下輪補抓] 6438 (迅得) (原因: captcha_validation_failed)
[01:04:10]   [第3輪 368/480] [OK] 6446 (藥華藥) -> 成功補回 740 筆！
[01:04:11]   [第3輪 369/480] [OK] 6443 (元晶) -> 成功補回 561 筆！
[01:04:11]   [第3輪 370/480] [OK] 6449 (鈺邦) -> 成功補回 252 筆！
[01:04:13]   [第3輪 371/480] [OK] 6456 (GIS-KY) -> 成功補回 451 筆！
[01:04:15]   [第3輪 372/480] [待下輪補抓] 6451 (訊芯-KY) (原因: menu_http_error:403)
[01:04:16]   [第3輪 373/480] [待下輪補抓] 6573 (虹揚-KY) (原因: menu_http_error:403)
[01:04:16]   [第3輪 374/480] [待下輪補抓] 6558 (興能高) (原因: menu_http_error:403)
[01:04:18]   [第3輪 375/480] [待下輪補抓] 6579 (研揚) (原因: menu_http_error:403)
[01:04:20]   [第3輪 376/480] [待下輪補抓] 6581 (鋼聯) (原因: menu_http_error:403)
[01:04:21]   [第3輪 377/480] [待下輪補抓] 6582 (申豐) (原因: captcha_validation_failed)
[01:04:21]   [第3輪 378/480] [待下輪補抓] 6585 (鼎基) (原因: captcha_validation_failed)
[01:04:21]   [第3輪 379/480] [OK] 6589 (台康生技) -> 成功補回 175 筆！
[01:04:23]   [第3輪 380/480] [OK] 6645 (金萬林-創) -> 成功補回 21 筆！
[01:04:25]   [第3輪 381/480] [待下輪補抓] 6669 (緯穎) (原因: menu_http_error:403)
[01:04:26]   [第3輪 382/480] [待下輪補抓] 6670 (復盛應用) (原因: menu_http_error:403)
[01:04:26]   [第3輪 383/480] [待下輪補抓] 6706 (惠特) (原因: menu_http_error:403)
[01:04:28]   [第3輪 384/480] [待下輪補抓] 6715 (嘉基) (原因: menu_http_error:403)
[01:04:30]   [第3輪 385/480] [待下輪補抓] 6719 (力智) (原因: post_missing_download_link)
[01:04:31]   [第3輪 386/480] [待下輪補抓] 6722 (輝創) (原因: post_missing_download_link)
[01:04:31]   [第3輪 387/480] [待下輪補抓] 6742 (澤米) (原因: post_missing_download_link)
[01:04:32]   [第3輪 388/480] [待下輪補抓] 6743 (安普新) (原因: menu_http_error:403)
[01:04:35]   [第3輪 389/480] [待下輪補抓] 6796 (晉弘) (原因: menu_http_error:403)
[01:04:35]   [第3輪 390/480] [待下輪補抓] 6799 (來頡) (原因: menu_http_error:403)
[01:04:37]   [第3輪 391/480] [待下輪補抓] 6805 (富世達) (原因: menu_http_error:403)
[01:04:37]   [第3輪 392/480] [待下輪補抓] 6807 (峰源-KY) (原因: menu_http_error:403)
[01:04:40]   [第3輪 393/480] [待下輪補抓] 6838 (台新藥) (原因: menu_http_error:403)
[01:04:40]   [第3輪 394/480] [待下輪補抓] 6921 (嘉雨思-創) (原因: post_missing_download_link)
[01:04:42]   [第3輪 395/480] [待下輪補抓] 6854 (錼創科技-KY創) (原因: post_missing_download_link)
[01:04:42]   [第3輪 396/480] [待下輪補抓] 6923 (中台) (原因: post_missing_download_link)
[01:04:44]   [第3輪 397/480] [待下輪補抓] 6924 (榮惠-KY創) (原因: menu_http_error:403)
[01:04:45]   [第3輪 398/480] [待下輪補抓] 6928 (攸泰科技) (原因: menu_http_error:403)
[01:04:46]   [第3輪 399/480] [待下輪補抓] 6931 (青松健康) (原因: menu_http_error:403)
[01:04:47]   [第3輪 400/480] [待下輪補抓] 6947 (台鎔科技) (原因: menu_http_error:403)
[01:04:49]   [第3輪 401/480] [待下輪補抓] 6949 (沛爾生醫-創) (原因: menu_http_error:403)
[01:04:50]   [第3輪 402/480] [待下輪補抓] 6951 (青新-創) (原因: menu_http_error:403)
[01:04:51]   [第3輪 403/480] [待下輪補抓] 6952 (大武山) (原因: post_missing_download_link)
[01:04:51]   [第3輪 404/480] [待下輪補抓] 6955 (邦睿生技-創) (原因: post_missing_download_link)
[01:04:54]   [第3輪 405/480] [待下輪補抓] 6957 (裕慶-KY) (原因: menu_http_error:403)
[01:04:54]   [第3輪 406/480] [待下輪補抓] 6958 (日盛台駿) (原因: menu_http_error:403)
[01:04:56]   [第3輪 407/480] [待下輪補抓] 7823 (奧義賽博-KY創) (原因: menu_http_error:403)
[01:04:56]   [第3輪 408/480] [待下輪補抓] 7827 (漢康-KY創) (原因: menu_http_error:403)
[01:04:58]   [第3輪 409/480] [待下輪補抓] 7835 (永悅健康-創) (原因: menu_http_error:403)
[01:04:59]   [第3輪 410/480] [待下輪補抓] 7855 (和運租車) (原因: menu_http_error:403)
[01:05:01]   [第3輪 411/480] [待下輪補抓] 8011 (台通) (原因: post_missing_download_link)
[01:05:01]   [第3輪 412/480] [待下輪補抓] 8016 (矽創) (原因: post_missing_download_link)
[01:05:04]   [第3輪 413/480] [待下輪補抓] 8021 (尖點) (原因: menu_http_error:403)
[01:05:04]   [第3輪 414/480] [待下輪補抓] 8028 (昇陽半導體) (原因: menu_http_error:403)
[01:05:06]   [第3輪 415/480] [待下輪補抓] 8033 (雷虎) (原因: menu_http_error:403)
[01:05:07]   [第3輪 416/480] [待下輪補抓] 8039 (台虹) (原因: menu_http_error:403)
[01:05:08]   [第3輪 417/480] [待下輪補抓] 8045 (達運光電) (原因: menu_http_error:403)
[01:05:08]   [第3輪 418/480] [待下輪補抓] 8046 (南電) (原因: menu_http_error:403)
[01:05:10]   [第3輪 419/480] [OK] 8213 (志超) -> 成功補回 75 筆！
[01:05:11]   [第3輪 420/480] [OK] 8210 (勤誠) -> 成功補回 574 筆！
[01:05:11]   [第3輪 421/480] [OK] 8222 (寶一) -> 成功補回 117 筆！
[01:05:13]   [第3輪 422/480] [OK] 8215 (明基材) -> 成功補回 533 筆！
[01:05:13]   [第3輪 423/480] [OK] 8261 (富鼎) -> 成功補回 640 筆！
[01:05:15]   [第3輪 424/480] [待下輪補抓] 8249 (菱光) (原因: menu_http_error:403)
[01:05:16]   [第3輪 425/480] [待下輪補抓] 8271 (宇瞻) (原因: menu_http_error:403)
[01:05:18]   [第3輪 426/480] [待下輪補抓] 8341 (日友) (原因: menu_http_error:403)
[01:05:18]   [第3輪 427/480] [待下輪補抓] 8374 (羅昇) (原因: menu_http_error:403)
[01:05:20]   [第3輪 428/480] [OK] 8367 (建新國際) -> 成功補回 9 筆！
[01:05:21]   [第3輪 429/480] [OK] 8404 (百和興業-KY) -> 成功補回 62 筆！
[01:05:21]   [第3輪 430/480] [OK] 8411 (福貞-KY) -> 成功補回 30 筆！
[01:05:21]   [第3輪 431/480] [OK] 8422 (可寧衛*) -> 成功補回 473 筆！
[01:05:25]   [第3輪 432/480] [待下輪補抓] 8438 (昶昕) (原因: menu_http_error:403)
[01:05:26]   [第3輪 433/480] [待下輪補抓] 8442 (威宏-KY) (原因: menu_http_error:403)
[01:05:26]   [第3輪 434/480] [待下輪補抓] 8429 (金麗-KY) (原因: menu_http_error:403)
[01:05:26]   [第3輪 435/480] [待下輪補抓] 8454 (富邦媒) (原因: menu_http_error:403)
[01:05:30]   [第3輪 436/480] [待下輪補抓] 8462 (柏文) (原因: menu_http_error:403)
[01:05:30]   [第3輪 437/480] [待下輪補抓] 8463 (潤泰材) (原因: captcha_validation_failed)
[01:05:31]   [第3輪 438/480] [OK] 8464 (億豐) -> 成功補回 134 筆！
[01:05:31]   [第3輪 439/480] [OK] 8466 (美吉吉-KY) -> 成功補回 8 筆！
[01:05:33]   [第3輪 440/480] [OK] 8443 (阿瘦) -> 成功補回 27 筆！
[01:05:33]   [第3輪 441/480] [OK] 8467 (波力-KY) -> 成功補回 30 筆！
[01:05:36]   [第3輪 442/480] [待下輪補抓] 8473 (山林水) (原因: menu_http_error:403)
[01:05:36]   [第3輪 443/480] [待下輪補抓] 8476 (台境*) (原因: menu_http_error:403)
[01:05:38]   [第3輪 444/480] [待下輪補抓] 8478 (東哥遊艇) (原因: menu_http_error:403)
[01:05:38]   [第3輪 445/480] [待下輪補抓] 8481 (政伸) (原因: menu_http_error:403)
[01:05:41]   [第3輪 446/480] [待下輪補抓] 8482 (商億-KY) (原因: post_missing_download_link)
[01:05:41]   [第3輪 447/480] [待下輪補抓] 8487 (愛爾達-創) (原因: post_missing_download_link)
[01:05:42]   [第3輪 448/480] [待下輪補抓] 8488 (吉源-KY) (原因: menu_http_error:403)
[01:05:43]   [第3輪 449/480] [待下輪補抓] 8499 (鼎炫-KY) (原因: menu_http_error:403)
[01:05:45]   [第3輪 450/480] [待下輪補抓] 8926 (台汽電) (原因: menu_http_error:403)
[01:05:45]   [第3輪 451/480] [待下輪補抓] 8996 (高力) (原因: menu_http_error:403)
[01:05:47]   [第3輪 452/480] [待下輪補抓] 8940 (新天地) (原因: menu_http_error:403)
[01:05:47]   [第3輪 453/480] [待下輪補抓] 9103 (美德醫療-DR) (原因: menu_http_error:403)
[01:05:50]   [第3輪 454/480] [待下輪補抓] 9105 (泰金寶-DR) (原因: post_missing_download_link)
[01:05:50]   [第3輪 455/480] [待下輪補抓] 910322 (康師傅-DR) (原因: post_missing_download_link)
[01:05:52]   [第3輪 456/480] [待下輪補抓] 910861 (神州-DR) (原因: post_missing_download_link)
[01:05:52]   [第3輪 457/480] [待下輪補抓] 911608 (明輝-DR) (原因: post_http_error:403)
[01:05:55]   [第3輪 458/480] [待下輪補抓] 911622 (泰聚亨-DR) (原因: menu_http_error:403)
[01:05:55]   [第3輪 459/480] [待下輪補抓] 911868 (同方友友-DR) (原因: menu_http_error:403)
[01:05:56]   [第3輪 460/480] [待下輪補抓] 912000 (晨訊科-DR) (原因: menu_http_error:403)
[01:05:56]   [第3輪 461/480] [待下輪補抓] 9136 (巨騰-DR) (原因: menu_http_error:403)
[01:06:00]   [第3輪 462/480] [待下輪補抓] 9802 (鈺齊-KY) (原因: menu_http_error:403)
[01:06:00]   [第3輪 463/480] [待下輪補抓] 9902 (台火) (原因: menu_http_error:403)
[01:06:01]   [第3輪 464/480] [待下輪補抓] 9904 (寶成) (原因: post_missing_download_link)
[01:06:01]   [第3輪 465/480] [待下輪補抓] 9905 (大華) (原因: post_missing_download_link)
[01:06:04]   [第3輪 466/480] [待下輪補抓] 9907 (統一實) (原因: menu_http_error:403)
[01:06:05]   [第3輪 467/480] [待下輪補抓] 9906 (欣巴巴) (原因: menu_http_error:403)
[01:06:06]   [第3輪 468/480] [待下輪補抓] 9908 (大台北) (原因: menu_http_error:403)
[01:06:06]   [第3輪 469/480] [待下輪補抓] 9910 (豐泰) (原因: menu_http_error:403)
[01:06:09]   [第3輪 470/480] [待下輪補抓] 9911 (櫻花) (原因: menu_http_error:403)
[01:06:09]   [第3輪 471/480] [待下輪補抓] 9912 (偉聯) (原因: menu_http_error:403)
[01:06:11]   [第3輪 472/480] [待下輪補抓] 9914 (美利達) (原因: post_missing_download_link)
[01:06:11]   [第3輪 473/480] [待下輪補抓] 9917 (中保科) (原因: post_missing_download_link)
[01:06:14]   [第3輪 474/480] [待下輪補抓] 9919 (康那香) (原因: menu_http_error:403)
[01:06:15]   [第3輪 475/480] [待下輪補抓] 9918 (欣天然) (原因: menu_http_error:403)
[01:06:15]   [第3輪 476/480] [待下輪補抓] 9924 (福興) (原因: menu_http_error:403)
[01:06:16]   [第3輪 477/480] [待下輪補抓] 9921 (巨大) (原因: menu_http_error:403)
[01:06:19]   [第3輪 478/480] [待下輪補抓] 9925 (新保) (原因: menu_http_error:403)
[01:06:20]   [第3輪 479/480] [待下輪補抓] 9943 (好樂迪) (原因: menu_http_error:403)
[01:06:20]   [第3輪 480/480] [待下輪補抓] 9958 (世紀鋼) (原因: menu_http_error:403)
[01:06:20] [+] 第 3 輪補抓完成！成功救回 96/480 檔 (累計明確無資料: 0 檔 | 剩餘技術失敗: 384 檔)

--------------------------------------------------
[01:06:20] [*] 啟動第 4/10 輪精準安全補抓佇列 (待補抓: 384 檔)
[01:06:20] [*] 安全防護策略: 4-Workers 安全並行模式, 請求間隔 2.5s, 單檔 4 次重試
--------------------------------------------------
[01:06:28]   [第4輪 1/384] [待下輪補抓] 00682U (期元大美元指數) (原因: menu_http_error:403)
[01:06:28]   [第4輪 2/384] [待下輪補抓] 00711B (復華彭博新興債) (原因: menu_http_error:403)
[01:06:29]   [第4輪 3/384] [待下輪補抓] 00681R (元大美債20反1) (原因: menu_http_error:403)
[01:06:29]   [第4輪 4/384] [待下輪補抓] 00680L (元大美債20正2) (原因: menu_http_error:403)
[01:06:34]   [第4輪 5/384] [待下輪補抓] 00875 (國泰網路資安) (原因: menu_http_error:403)
[01:06:34]   [第4輪 6/384] [待下輪補抓] 00712 (復華富時不動產) (原因: menu_http_error:403)
[01:06:34]   [第4輪 7/384] [待下輪補抓] 00922 (國泰台灣領袖50) (原因: menu_http_error:403)
[01:06:34]   [第4輪 8/384] [待下輪補抓] 00921 (兆豐龍頭等權重) (原因: menu_http_error:403)
[01:06:40]   [第4輪 9/384] [待下輪補抓] 009801 (中信美國創新科技) (原因: menu_http_error:403)
[01:06:40]   [第4輪 10/384] [待下輪補抓] 00930 (永豐ESG低碳高息) (原因: menu_http_error:403)
[01:06:40]   [第4輪 11/384] [待下輪補抓] 00943 (兆豐電子高息等權) (原因: menu_http_error:403)
[01:06:41]   [第4輪 12/384] [待下輪補抓] 00944 (野村趨勢動能高息) (原因: menu_http_error:403)
[01:06:45]   [第4輪 13/384] [待下輪補抓] 009802 (富邦旗艦50) (原因: menu_http_error:403)
[01:06:46]   [第4輪 14/384] [待下輪補抓] 009803 (玉山市值動能50) (原因: menu_http_error:403)
[01:06:46]   [第4輪 15/384] [待下輪補抓] 009804 (聯邦台精彩50) (原因: menu_http_error:403)
[01:06:46]   [第4輪 16/384] [待下輪補抓] 009805 (台新美國電力基建) (原因: menu_http_error:403)
[01:06:51]   [第4輪 17/384] [待下輪補抓] 009808 (華南永昌優選50) (原因: menu_http_error:403)
[01:06:51]   [第4輪 18/384] [待下輪補抓] 00980A (主動野村臺灣優選) (原因: menu_http_error:403)
[01:06:52]   [第4輪 19/384] [待下輪補抓] 00981T (平衡凱基雙核收息) (原因: menu_http_error:403)
[01:06:52]   [第4輪 20/384] [待下輪補抓] 009809 (富邦淨零ESG50) (原因: menu_http_error:403)
[01:06:56]   [第4輪 21/384] [待下輪補抓] 009820 (元大納斯達克精選) (原因: menu_http_error:403)
[01:06:57]   [第4輪 22/384] [待下輪補抓] 00983D (主動富邦複合收益) (原因: menu_http_error:403)
[01:06:57]   [第4輪 23/384] [待下輪補抓] 009821 (野村稀土關鍵資源) (原因: menu_http_error:403)
[01:06:59]   [第4輪 24/384] [待下輪補抓] 1235 (興泰) (原因: post_missing_download_link)
[01:07:02]   [第4輪 25/384] [待下輪補抓] 1256 (鮮活果汁-KY) (原因: menu_http_error:403)
[01:07:03]   [第4輪 26/384] [待下輪補抓] 1301 (台塑) (原因: menu_http_error:403)
[01:07:04]   [第4輪 27/384] [待下輪補抓] 1236 (宏亞) (原因: menu_http_error:403)
[01:07:04]   [第4輪 28/384] [待下輪補抓] 1307 (三芳) (原因: menu_http_error:403)
[01:07:08]   [第4輪 29/384] [待下輪補抓] 1310 (台苯) (原因: menu_http_error:403)
[01:07:08]   [第4輪 30/384] [待下輪補抓] 1315 (達新) (原因: menu_http_error:403)
[01:07:10]   [第4輪 31/384] [待下輪補抓] 1323 (永裕) (原因: post_missing_download_link)
[01:07:11]   [第4輪 32/384] [待下輪補抓] 1321 (大洋) (原因: post_missing_download_link)
[01:07:13]   [第4輪 33/384] [待下輪補抓] 1436 (華友聯) (原因: menu_http_error:403)
[01:07:14]   [第4輪 34/384] [待下輪補抓] 1324 (地球) (原因: menu_http_error:403)
[01:07:16]   [第4輪 35/384] [待下輪補抓] 1451 (年興) (原因: menu_http_error:403)
[01:07:16]   [第4輪 36/384] [待下輪補抓] 1439 (雋揚) (原因: menu_http_error:403)
[01:07:19]   [第4輪 37/384] [待下輪補抓] 1456 (怡華) (原因: menu_http_error:403)
[01:07:19]   [第4輪 38/384] [待下輪補抓] 1463 (強盛新) (原因: menu_http_error:403)
[01:07:20]   [第4輪 39/384] [OK] 1464 (得力) -> 成功補回 155 筆！
[01:07:21]   [第4輪 40/384] [OK] 1465 (偉全) -> 成功補回 45 筆！
[01:07:22]   [第4輪 41/384] [OK] 1466 (聚隆) -> 成功補回 48 筆！
[01:07:24]   [第4輪 42/384] [OK] 1468 (昶和) -> 成功補回 12 筆！
[01:07:24]   [第4輪 43/384] [OK] 1471 (首利) -> 成功補回 82 筆！
[01:07:24]   [第4輪 44/384] [待下輪補抓] 1467 (南緯) (原因: captcha_http_error:403)
[01:07:28]   [第4輪 45/384] [待下輪補抓] 1470 (大統新創) (原因: menu_http_error:403)
[01:07:29]   [第4輪 46/384] [待下輪補抓] 1516 (川飛) (原因: menu_http_error:403)
[01:07:29]   [第4輪 47/384] [待下輪補抓] 1517 (利奇) (原因: menu_http_error:403)
[01:07:30]   [第4輪 48/384] [待下輪補抓] 1519 (華城) (原因: menu_http_error:403)
[01:07:32]   [第4輪 49/384] [OK] 1521 (大億) -> 成功補回 17 筆！
[01:07:33]   [第4輪 50/384] [OK] 1522 (堤維西) -> 成功補回 152 筆！
[01:07:33]   [第4輪 51/384] [OK] 1524 (耿鼎) -> 成功補回 124 筆！
[01:07:34]   [第4輪 52/384] [OK] 1522A (堤維西甲特) -> 成功補回 10 筆！
[01:07:35]   [第4輪 53/384] [OK] 1525 (江申) -> 成功補回 14 筆！
[01:07:38]   [第4輪 54/384] [待下輪補抓] 1526 (日馳) (原因: menu_http_error:403)
[01:07:39]   [第4輪 55/384] [待下輪補抓] 1527 (鑽全) (原因: menu_http_error:403)
[01:07:40]   [第4輪 56/384] [待下輪補抓] 1528 (恩德) (原因: menu_http_error:403)
[01:07:41]   [第4輪 57/384] [待下輪補抓] 1529 (樂事綠能) (原因: menu_http_error:403)
[01:07:41]   [第4輪 58/384] [OK] 1530 (亞崴) -> 成功補回 38 筆！
[01:07:43]   [第4輪 59/384] [OK] 1531 (高林股) -> 成功補回 35 筆！
[01:07:44]   [第4輪 60/384] [OK] 1532 (勤美) -> 成功補回 61 筆！
[01:07:45]   [第4輪 61/384] [OK] 1535 (中宇) -> 成功補回 18 筆！
[01:07:45]   [第4輪 62/384] [OK] 1533 (車王電) -> 成功補回 53 筆！
[01:07:46]   [第4輪 63/384] [OK] 1536 (和大) -> 成功補回 270 筆！
[01:07:49]   [第4輪 64/384] [待下輪補抓] 1537 (廣隆) (原因: menu_http_error:403)
[01:07:50]   [第4輪 65/384] [待下輪補抓] 1538 (正峰) (原因: post_missing_download_link)
[01:07:51]   [第4輪 66/384] [待下輪補抓] 1539 (巨庭) (原因: post_missing_download_link)
[01:07:51]   [第4輪 67/384] [待下輪補抓] 1540 (喬福) (原因: post_missing_download_link)
[01:07:55]   [第4輪 68/384] [待下輪補抓] 1541 (錩泰) (原因: menu_http_error:403)
[01:07:56]   [第4輪 69/384] [待下輪補抓] 1558 (伸興) (原因: menu_http_error:403)
[01:07:56]   [第4輪 70/384] [待下輪補抓] 1560 (中砂) (原因: menu_http_error:403)
[01:07:57]   [第4輪 71/384] [待下輪補抓] 1563 (巧新) (原因: menu_http_error:403)
[01:08:00]   [第4輪 72/384] [待下輪補抓] 1568 (倉佑) (原因: post_missing_download_link)
[01:08:01]   [第4輪 73/384] [待下輪補抓] 1582 (信錦) (原因: post_missing_download_link)
[01:08:01]   [第4輪 74/384] [待下輪補抓] 1583 (程泰) (原因: post_http_error:403)
[01:08:02]   [第4輪 75/384] [待下輪補抓] 1587 (吉茂) (原因: menu_http_error:403)
[01:08:06]   [第4輪 76/384] [待下輪補抓] 1590 (亞德客-KY) (原因: menu_http_error:403)
[01:08:06]   [第4輪 77/384] [待下輪補抓] 1597 (直得) (原因: menu_http_error:403)
[01:08:07]   [第4輪 78/384] [待下輪補抓] 1598 (岱宇) (原因: menu_http_error:403)
[01:08:07]   [第4輪 79/384] [待下輪補抓] 1603 (華電) (原因: menu_http_error:403)
[01:08:11]   [第4輪 80/384] [待下輪補抓] 1604 (聲寶) (原因: post_missing_download_link)
[01:08:12]   [第4輪 81/384] [待下輪補抓] 1605 (華新) (原因: menu_http_error:403)
[01:08:12]   [第4輪 82/384] [待下輪補抓] 1608 (華榮) (原因: menu_http_error:403)
[01:08:13]   [第4輪 83/384] [待下輪補抓] 1614 (三洋電) (原因: menu_http_error:403)
[01:08:16]   [第4輪 84/384] [待下輪補抓] 1725 (元禎) (原因: menu_http_error:403)
[01:08:17]   [第4輪 85/384] [待下輪補抓] 1736 (喬山) (原因: menu_http_error:403)
[01:08:18]   [第4輪 86/384] [待下輪補抓] 1762 (中化生) (原因: menu_http_error:403)
[01:08:18]   [第4輪 87/384] [待下輪補抓] 1783 (和康生) (原因: menu_http_error:403)
[01:08:22]   [第4輪 88/384] [待下輪補抓] 1904 (正隆) (原因: post_missing_download_link)
[01:08:23]   [第4輪 89/384] [待下輪補抓] 1789 (神隆) (原因: menu_http_error:403)
[01:08:23]   [第4輪 90/384] [待下輪補抓] 1786 (科妍) (原因: menu_http_error:403)
[01:08:23]   [第4輪 91/384] [待下輪補抓] 2015 (豐興) (原因: menu_http_error:403)
[01:08:27]   [第4輪 92/384] [待下輪補抓] 2024 (志聯) (原因: menu_http_error:403)
[01:08:28]   [第4輪 93/384] [待下輪補抓] 2025 (千興) (原因: menu_http_error:403)
[01:08:28]   [第4輪 94/384] [待下輪補抓] 2027 (大成鋼) (原因: menu_http_error:403)
[01:08:30]   [第4輪 95/384] [待下輪補抓] 2028 (威致) (原因: menu_http_error:403)
[01:08:32]   [第4輪 96/384] [待下輪補抓] 2029 (盛餘) (原因: post_missing_download_link)
[01:08:33]   [第4輪 97/384] [待下輪補抓] 2030 (彰源) (原因: menu_http_error:403)
[01:08:35]   [第4輪 98/384] [待下輪補抓] 2031 (新光鋼) (原因: menu_http_error:403)
[01:08:35]   [第4輪 99/384] [待下輪補抓] 2032 (新鋼) (原因: menu_http_error:403)
[01:08:38]   [第4輪 100/384] [待下輪補抓] 2109 (華豐) (原因: menu_http_error:403)
[01:08:39]   [第4輪 101/384] [待下輪補抓] 2033 (佳大) (原因: menu_http_error:403)
[01:08:41]   [第4輪 102/384] [待下輪補抓] 2114 (鑫永銓) (原因: post_missing_download_link)
[01:08:41]   [第4輪 103/384] [待下輪補抓] 2115 (六暉-KY) (原因: post_missing_download_link)
[01:08:43]   [第4輪 104/384] [待下輪補抓] 2204 (中華) (原因: post_http_error:403)
[01:08:44]   [第4輪 105/384] [待下輪補抓] 2201 (裕隆) (原因: menu_http_error:403)
[01:08:46]   [第4輪 106/384] [待下輪補抓] 2206 (三陽工業) (原因: menu_http_error:403)
[01:08:46]   [第4輪 107/384] [待下輪補抓] 2207 (和泰車) (原因: menu_http_error:403)
[01:08:48]   [第4輪 108/384] [待下輪補抓] 2355 (敬鵬) (原因: menu_http_error:403)
[01:08:49]   [第4輪 109/384] [待下輪補抓] 2328 (廣宇) (原因: menu_http_error:403)
[01:08:52]   [第4輪 110/384] [待下輪補抓] 2356 (英業達) (原因: post_missing_download_link)
[01:08:52]   [第4輪 111/384] [待下輪補抓] 2357 (華碩) (原因: post_missing_download_link)
[01:08:54]   [第4輪 112/384] [待下輪補抓] 2360 (致茂) (原因: menu_http_error:403)
[01:08:55]   [第4輪 113/384] [待下輪補抓] 2362 (藍天) (原因: menu_http_error:403)
[01:08:57]   [第4輪 114/384] [待下輪補抓] 2359 (所羅門) (原因: menu_http_error:403)
[01:08:58]   [第4輪 115/384] [待下輪補抓] 2363 (矽統) (原因: menu_http_error:403)
[01:08:59]   [第4輪 116/384] [待下輪補抓] 2364 (倫飛) (原因: menu_http_error:403)
[01:09:00]   [第4輪 117/384] [待下輪補抓] 2365 (昆盈) (原因: menu_http_error:403)
[01:09:02]   [第4輪 118/384] [待下輪補抓] 2368 (金像電) (原因: post_missing_download_link)
[01:09:03]   [第4輪 119/384] [待下輪補抓] 2367 (燿華) (原因: menu_http_error:403)
[01:09:04]   [第4輪 120/384] [待下輪補抓] 2412 (中華電) (原因: menu_http_error:403)
[01:09:05]   [第4輪 121/384] [待下輪補抓] 2376 (技嘉) (原因: menu_http_error:403)
[01:09:08]   [第4輪 122/384] [待下輪補抓] 2413 (環科) (原因: menu_http_error:403)
[01:09:09]   [第4輪 123/384] [待下輪補抓] 2414 (精技) (原因: menu_http_error:403)
[01:09:10]   [第4輪 124/384] [待下輪補抓] 2417 (圓剛) (原因: menu_http_error:403)
[01:09:11]   [第4輪 125/384] [待下輪補抓] 2415 (錩新) (原因: menu_http_error:403)
[01:09:14]   [第4輪 126/384] [待下輪補抓] 2419 (仲琦) (原因: post_http_error:403)
[01:09:14]   [第4輪 127/384] [待下輪補抓] 2420 (新巨) (原因: menu_http_error:403)
[01:09:15]   [第4輪 128/384] [待下輪補抓] 2425 (承啟) (原因: menu_http_error:403)
[01:09:16]   [第4輪 129/384] [待下輪補抓] 2427 (三商電) (原因: menu_http_error:403)
[01:09:19]   [第4輪 130/384] [待下輪補抓] 2428 (興勤) (原因: menu_http_error:403)
[01:09:19]   [第4輪 131/384] [待下輪補抓] 2429 (銘旺科) (原因: menu_http_error:403)
[01:09:21]   [第4輪 132/384] [待下輪補抓] 2430 (燦坤) (原因: menu_http_error:403)
[01:09:23]   [第4輪 133/384] [待下輪補抓] 2431 (聯昌) (原因: post_missing_download_link)
[01:09:25]   [第4輪 134/384] [待下輪補抓] 2432 (倚天酷碁-創) (原因: menu_http_error:403)
[01:09:25]   [第4輪 135/384] [待下輪補抓] 2439 (美律) (原因: menu_http_error:403)
[01:09:26]   [第4輪 136/384] [待下輪補抓] 2436 (偉詮電) (原因: menu_http_error:403)
[01:09:28]   [第4輪 137/384] [待下輪補抓] 2440 (太空梭) (原因: menu_http_error:403)
[01:09:30]   [第4輪 138/384] [待下輪補抓] 2441 (超豐) (原因: menu_http_error:403)
[01:09:31]   [第4輪 139/384] [待下輪補抓] 2442 (新美齊) (原因: menu_http_error:403)
[01:09:33]   [第4輪 140/384] [待下輪補抓] 2449 (京元電子) (原因: post_missing_download_link)
[01:09:34]   [第4輪 141/384] [待下輪補抓] 2444 (兆勁) (原因: post_missing_download_link)
[01:09:36]   [第4輪 142/384] [待下輪補抓] 2450 (神腦) (原因: menu_http_error:403)
[01:09:38]   [第4輪 143/384] [待下輪補抓] 2466 (冠西電) (原因: menu_http_error:403)
[01:09:39]   [第4輪 144/384] [待下輪補抓] 2476 (鉅祥) (原因: menu_http_error:403)
[01:09:39]   [第4輪 145/384] [待下輪補抓] 2478 (大毅) (原因: menu_http_error:403)
[01:09:41]   [第4輪 146/384] [待下輪補抓] 2480 (敦陽科) (原因: menu_http_error:403)
[01:09:43]   [第4輪 147/384] [待下輪補抓] 2481 (強茂) (原因: post_missing_download_link)
[01:09:45]   [第4輪 148/384] [待下輪補抓] 2483 (百容) (原因: post_missing_download_link)
[01:09:45]   [第4輪 149/384] [待下輪補抓] 2482 (連宇) (原因: post_http_error:403)
[01:09:47]   [第4輪 150/384] [待下輪補抓] 2489 (瑞軒) (原因: menu_http_error:403)
[01:09:48]   [第4輪 151/384] [待下輪補抓] 2515 (中工) (原因: menu_http_error:403)
[01:09:50]   [第4輪 152/384] [待下輪補抓] 2538 (基泰) (原因: menu_http_error:403)
[01:09:50]   [第4輪 153/384] [待下輪補抓] 2539 (櫻花建) (原因: menu_http_error:403)
[01:09:52]   [第4輪 154/384] [待下輪補抓] 2540 (愛山林) (原因: menu_http_error:403)
[01:09:53]   [第4輪 155/384] [待下輪補抓] 2542 (興富發) (原因: post_missing_download_link)
[01:09:55]   [第4輪 156/384] [待下輪補抓] 2543 (皇昌) (原因: post_http_error:403)
[01:09:57]   [第4輪 157/384] [待下輪補抓] 2601 (益航) (原因: menu_http_error:403)
[01:09:58]   [第4輪 158/384] [待下輪補抓] 2597 (潤弘) (原因: menu_http_error:403)
[01:09:59]   [第4輪 159/384] [待下輪補抓] 2603 (長榮) (原因: menu_http_error:403)
[01:10:01]   [第4輪 160/384] [待下輪補抓] 2634 (漢翔) (原因: menu_http_error:403)
[01:10:02]   [第4輪 161/384] [待下輪補抓] 2748 (雲品) (原因: menu_http_error:403)
[01:10:04]   [第4輪 162/384] [待下輪補抓] 2753 (八方雲集) (原因: post_missing_download_link)
[01:10:04]   [第4輪 163/384] [待下輪補抓] 2762 (世界健身-KY) (原因: post_missing_download_link)
[01:10:06]   [第4輪 164/384] [待下輪補抓] 2801 (彰銀) (原因: post_http_error:403)
[01:10:08]   [第4輪 165/384] [待下輪補抓] 2812 (台中銀) (原因: menu_http_error:403)
[01:10:09]   [第4輪 166/384] [待下輪補抓] 2816 (旺旺保) (原因: menu_http_error:403)
[01:10:10]   [第4輪 167/384] [待下輪補抓] 2834 (臺企銀) (原因: menu_http_error:403)
[01:10:11]   [第4輪 168/384] [待下輪補抓] 2882B (國泰金乙特) (原因: menu_http_error:403)
[01:10:13]   [第4輪 169/384] [待下輪補抓] 2883 (凱基金) (原因: menu_http_error:403)
[01:10:14]   [第4輪 170/384] [待下輪補抓] 2883B (凱基金乙特) (原因: post_missing_download_link)
[01:10:15]   [第4輪 171/384] [待下輪補抓] 2884 (玉山金) (原因: post_missing_download_link)
[01:10:17]   [第4輪 172/384] [待下輪補抓] 2887F (台新新光戊特二) (原因: menu_http_error:403)
[01:10:19]   [第4輪 173/384] [待下輪補抓] 2890 (永豐金) (原因: menu_http_error:403)
[01:10:20]   [第4輪 174/384] [待下輪補抓] 2887Z1 (台新新光己特) (原因: menu_http_error:403)
[01:10:22]   [第4輪 175/384] [待下輪補抓] 3017 (奇鋐) (原因: menu_http_error:403)
[01:10:23]   [第4輪 176/384] [待下輪補抓] 3018 (隆銘綠能) (原因: menu_http_error:403)
[01:10:25]   [第4輪 177/384] [待下輪補抓] 3040 (遠見) (原因: post_missing_download_link)
[01:10:26]   [第4輪 178/384] [待下輪補抓] 3028 (增你強) (原因: menu_http_error:403)
[01:10:27]   [第4輪 179/384] [待下輪補抓] 3042 (晶技) (原因: menu_http_error:403)
[01:10:28]   [第4輪 180/384] [待下輪補抓] 3041 (揚智) (原因: menu_http_error:403)
[01:10:30]   [第4輪 181/384] [待下輪補抓] 3043 (科風) (原因: menu_http_error:403)
[01:10:31]   [第4輪 182/384] [待下輪補抓] 3048 (益登) (原因: menu_http_error:403)
[01:10:32]   [第4輪 183/384] [待下輪補抓] 3049 (精金) (原因: menu_http_error:403)
[01:10:33]   [第4輪 184/384] [待下輪補抓] 3050 (鈺德) (原因: menu_http_error:403)
[01:10:36]   [第4輪 185/384] [待下輪補抓] 3051 (力特) (原因: post_missing_download_link)
[01:10:37]   [第4輪 186/384] [待下輪補抓] 3052 (夆典) (原因: menu_http_error:403)
[01:10:38]   [第4輪 187/384] [待下輪補抓] 3054 (立萬利) (原因: menu_http_error:403)
[01:10:39]   [第4輪 188/384] [待下輪補抓] 3055 (蔚華科) (原因: menu_http_error:403)
[01:10:41]   [第4輪 189/384] [待下輪補抓] 3056 (富華新) (原因: menu_http_error:403)
[01:10:42]   [第4輪 190/384] [待下輪補抓] 3057 (喬鼎) (原因: menu_http_error:403)
[01:10:43]   [第4輪 191/384] [待下輪補抓] 3058 (立德) (原因: menu_http_error:403)
[01:10:44]   [第4輪 192/384] [待下輪補抓] 3059 (華晶科) (原因: post_missing_download_link)
[01:10:46]   [第4輪 193/384] [待下輪補抓] 3060 (銘異) (原因: post_missing_download_link)
[01:10:48]   [第4輪 194/384] [待下輪補抓] 3090 (日電貿) (原因: menu_http_error:403)
[01:10:49]   [第4輪 195/384] [待下輪補抓] 3062 (建漢) (原因: menu_http_error:403)
[01:10:50]   [第4輪 196/384] [待下輪補抓] 3092 (鴻碩) (原因: menu_http_error:403)
[01:10:53]   [第4輪 197/384] [待下輪補抓] 3094 (聯傑) (原因: menu_http_error:403)
[01:10:54]   [第4輪 198/384] [待下輪補抓] 3135 (凌航) (原因: menu_http_error:403)
[01:10:54]   [第4輪 199/384] [待下輪補抓] 3130 (一零四) (原因: menu_http_error:403)
[01:10:55]   [第4輪 200/384] [待下輪補抓] 3138 (耀登) (原因: post_missing_download_link)
[01:10:58]   [第4輪 201/384] [待下輪補抓] 3149 (正達) (原因: captcha_http_error:403)
[01:10:59]   [第4輪 202/384] [待下輪補抓] 3150 (鈺寶-創) (原因: menu_http_error:403)
[01:10:59]   [第4輪 203/384] [待下輪補抓] 3167 (大量) (原因: menu_http_error:403)
[01:11:00]   [第4輪 204/384] [待下輪補抓] 3164 (景岳) (原因: menu_http_error:403)
[01:11:03]   [第4輪 205/384] [待下輪補抓] 3168 (眾福科) (原因: menu_http_error:403)
[01:11:05]   [第4輪 206/384] [待下輪補抓] 3189 (景碩) (原因: menu_http_error:403)
[01:11:05]   [第4輪 207/384] [待下輪補抓] 3209 (全科) (原因: menu_http_error:403)
[01:11:06]   [第4輪 208/384] [待下輪補抓] 3229 (晟鈦) (原因: post_missing_download_link)
[01:11:09]   [第4輪 209/384] [待下輪補抓] 3231 (緯創) (原因: post_missing_download_link)
[01:11:10]   [第4輪 210/384] [待下輪補抓] 3257 (虹冠電) (原因: menu_http_error:403)
[01:11:11]   [第4輪 211/384] [待下輪補抓] 3266 (昇陽) (原因: menu_http_error:403)
[01:11:11]   [第4輪 212/384] [待下輪補抓] 3376 (新日興) (原因: menu_http_error:403)
[01:11:14]   [第4輪 213/384] [待下輪補抓] 3437 (榮創) (原因: menu_http_error:403)
[01:11:16]   [第4輪 214/384] [待下輪補抓] 3443 (創意) (原因: post_missing_download_link)
[01:11:16]   [第4輪 215/384] [待下輪補抓] 3447 (展達) (原因: post_missing_download_link)
[01:11:17]   [第4輪 216/384] [待下輪補抓] 3450 (聯鈞) (原因: post_missing_download_link)
[01:11:19]   [第4輪 217/384] [待下輪補抓] 3481 (群創) (原因: captcha_http_error:403)
[01:11:21]   [第4輪 218/384] [待下輪補抓] 3515 (華擎) (原因: menu_http_error:403)
[01:11:21]   [第4輪 219/384] [待下輪補抓] 3518 (柏騰) (原因: menu_http_error:403)
[01:11:22]   [第4輪 220/384] [待下輪補抓] 3528 (安馳) (原因: menu_http_error:403)
[01:11:24]   [第4輪 221/384] [待下輪補抓] 3530 (晶相光) (原因: menu_http_error:403)
[01:11:27]   [第4輪 222/384] [待下輪補抓] 3532 (台勝科) (原因: post_missing_download_link)
[01:11:27]   [第4輪 223/384] [待下輪補抓] 3686 (達能) (原因: post_missing_download_link)
[01:11:27]   [第4輪 224/384] [待下輪補抓] 3679 (新至陞) (原因: post_missing_download_link)
[01:11:32]   [第4輪 225/384] [待下輪補抓] 3694 (海華) (原因: menu_http_error:403)
[01:11:32]   [第4輪 226/384] [待下輪補抓] 4106 (雃博) (原因: menu_http_error:403)
[01:11:33]   [第4輪 227/384] [待下輪補抓] 4137 (麗豐-KY) (原因: menu_http_error:403)
[01:11:33]   [第4輪 228/384] [待下輪補抓] 3701 (大眾控) (原因: menu_http_error:403)
[01:11:38]   [第4輪 229/384] [待下輪補抓] 4133 (亞諾法) (原因: post_missing_download_link)
[01:11:38]   [第4輪 230/384] [待下輪補抓] 4142 (國光生) (原因: post_missing_download_link)
[01:11:40]   [第4輪 231/384] [待下輪補抓] 4148 (全宇生技-KY) (原因: menu_http_error:403)
[01:11:40]   [第4輪 232/384] [待下輪補抓] 4155 (訊映) (原因: menu_http_error:403)
[01:11:43]   [第4輪 233/384] [待下輪補抓] 4164 (承業醫) (原因: menu_http_error:403)
[01:11:44]   [第4輪 234/384] [待下輪補抓] 4169 (泰宗) (原因: menu_http_error:403)
[01:11:45]   [第4輪 235/384] [待下輪補抓] 4190 (佐登-KY) (原因: menu_http_error:403)
[01:11:45]   [第4輪 236/384] [待下輪補抓] 4178 (永笙-KY) (原因: menu_http_error:403)
[01:11:49]   [第4輪 237/384] [待下輪補抓] 4306 (炎洲) (原因: menu_http_error:403)
[01:11:50]   [第4輪 238/384] [待下輪補抓] 4195 (基米-創) (原因: menu_http_error:403)
[01:11:51]   [第4輪 239/384] [待下輪補抓] 4414 (如興) (原因: menu_http_error:403)
[01:11:52]   [第4輪 240/384] [待下輪補抓] 4426 (利勤) (原因: menu_http_error:403)
[01:11:53]   [第4輪 241/384] [OK] 4439 (冠星-KY) -> 成功補回 15 筆！
[01:11:54]   [第4輪 242/384] [OK] 4564 (元翎) -> 成功補回 124 筆！
[01:11:54]   [第4輪 243/384] [OK] 4438 (廣越) -> 成功補回 121 筆！
[01:11:55]   [第4輪 244/384] [OK] 4566 (時碩工業) -> 成功補回 195 筆！
[01:11:58]   [第4輪 245/384] [OK] 4571 (鈞興-KY) -> 成功補回 71 筆！
[01:11:59]   [第4輪 246/384] [待下輪補抓] 4569 (六方科-KY) (原因: menu_http_error:403)
[01:12:00]   [第4輪 247/384] [待下輪補抓] 4572 (駐龍) (原因: menu_http_error:403)
[01:12:00]   [第4輪 248/384] [待下輪補抓] 4576 (大銀微系統) (原因: menu_http_error:403)
[01:12:03]   [第4輪 249/384] [待下輪補抓] 4581 (光隆精密-KY) (原因: menu_http_error:403)
[01:12:04]   [第4輪 250/384] [OK] 5234 (達興材料) -> 成功補回 143 筆！
[01:12:04]   [第4輪 251/384] [OK] 4582 (聚恆-創) -> 成功補回 26 筆！
[01:12:05]   [第4輪 252/384] [OK] 4583 (台灣精銳) -> 成功補回 148 筆！
[01:12:06]   [第4輪 253/384] [OK] 5236 (凌陽創新) -> 成功補回 62 筆！
[01:12:07]   [第4輪 254/384] [OK] 5243 (乙盛-KY) -> 成功補回 259 筆！
[01:12:07]   [第4輪 255/384] [OK] 5244 (弘凱) -> 成功補回 62 筆！
[01:12:11]   [第4輪 256/384] [待下輪補抓] 5258 (虹堡) (原因: menu_http_error:403)
[01:12:11]   [第4輪 257/384] [待下輪補抓] 5269 (祥碩) (原因: menu_http_error:403)
[01:12:12]   [第4輪 258/384] [待下輪補抓] 5283 (禾聯碩) (原因: menu_http_error:403)
[01:12:13]   [第4輪 259/384] [待下輪補抓] 5469 (瀚宇博) (原因: menu_http_error:403)
[01:12:14]   [第4輪 260/384] [OK] 5284 (jpp-KY) -> 成功補回 198 筆！
[01:12:15]   [第4輪 261/384] [OK] 5471 (松翰) -> 成功補回 269 筆！
[01:12:16]   [第4輪 262/384] [OK] 5484 (慧友) -> 成功補回 110 筆！
[01:12:17]   [第4輪 263/384] [OK] 5515 (建國) -> 成功補回 77 筆！
[01:12:17]   [第4輪 264/384] [OK] 5519 (隆大) -> 成功補回 151 筆！
[01:12:21]   [第4輪 265/384] [待下輪補抓] 5538 (東明-KY) (原因: menu_http_error:403)
[01:12:21]   [第4輪 266/384] [待下輪補抓] 5534 (長虹) (原因: menu_http_error:403)
[01:12:22]   [第4輪 267/384] [待下輪補抓] 5546 (永固-KY) (原因: menu_http_error:403)
[01:12:23]   [第4輪 268/384] [待下輪補抓] 5607 (遠雄港) (原因: post_missing_download_link)
[01:12:27]   [第4輪 269/384] [待下輪補抓] 5706 (鳳凰) (原因: menu_http_error:403)
[01:12:28]   [第4輪 270/384] [待下輪補抓] 5608 (四維航) (原因: menu_http_error:403)
[01:12:28]   [第4輪 271/384] [待下輪補抓] 5871 (中租-KY) (原因: menu_http_error:403)
[01:12:29]   [第4輪 272/384] [待下輪補抓] 5871A (中租-KY甲特) (原因: menu_http_error:403)
[01:12:32]   [第4輪 273/384] [待下輪補抓] 5876 (上海商銀) (原因: menu_http_error:403)
[01:12:33]   [第4輪 274/384] [待下輪補抓] 5880 (合庫金) (原因: post_missing_download_link)
[01:12:34]   [第4輪 275/384] [待下輪補抓] 5906 (台南-KY) (原因: post_missing_download_link)
[01:12:34]   [第4輪 276/384] [待下輪補抓] 5907 (大洋-KY) (原因: post_missing_download_link)
[01:12:39]   [第4輪 277/384] [待下輪補抓] 6024 (群益期) (原因: menu_http_error:403)
[01:12:39]   [第4輪 278/384] [待下輪補抓] 6005 (群益證) (原因: menu_http_error:403)
[01:12:39]   [第4輪 279/384] [待下輪補抓] 6108 (競國) (原因: menu_http_error:403)
[01:12:40]   [第4輪 280/384] [待下輪補抓] 6112 (邁達特) (原因: menu_http_error:403)
[01:12:44]   [第4輪 281/384] [待下輪補抓] 6115 (鎰勝) (原因: post_missing_download_link)
[01:12:45]   [第4輪 282/384] [待下輪補抓] 6116 (彩晶) (原因: menu_http_error:403)
[01:12:45]   [第4輪 283/384] [待下輪補抓] 6117 (迎廣) (原因: menu_http_error:403)
[01:12:45]   [第4輪 284/384] [待下輪補抓] 6120 (達運) (原因: menu_http_error:403)
[01:12:50]   [第4輪 285/384] [待下輪補抓] 6128 (上福) (原因: menu_http_error:403)
[01:12:51]   [第4輪 286/384] [待下輪補抓] 6155 (鈞寶) (原因: menu_http_error:403)
[01:12:51]   [第4輪 287/384] [待下輪補抓] 6153 (嘉聯益) (原因: menu_http_error:403)
[01:12:52]   [第4輪 288/384] [待下輪補抓] 6283 (淳安) (原因: menu_http_error:403)
[01:12:56]   [第4輪 289/384] [待下輪補抓] 6442 (光聖) (原因: post_http_error:403)
[01:12:56]   [第4輪 290/384] [待下輪補抓] 6451 (訊芯-KY) (原因: menu_http_error:403)
[01:12:57]   [第4輪 291/384] [待下輪補抓] 6438 (迅得) (原因: menu_http_error:403)
[01:12:58]   [第4輪 292/384] [待下輪補抓] 6573 (虹揚-KY) (原因: menu_http_error:403)
[01:13:01]   [第4輪 293/384] [待下輪補抓] 6558 (興能高) (原因: menu_http_error:403)
[01:13:02]   [第4輪 294/384] [待下輪補抓] 6579 (研揚) (原因: menu_http_error:403)
[01:13:02]   [第4輪 295/384] [待下輪補抓] 6581 (鋼聯) (原因: menu_http_error:403)
[01:13:04]   [第4輪 296/384] [待下輪補抓] 6582 (申豐) (原因: post_missing_download_link)
[01:13:06]   [第4輪 297/384] [待下輪補抓] 6585 (鼎基) (原因: menu_http_error:403)
[01:13:07]   [第4輪 298/384] [待下輪補抓] 6669 (緯穎) (原因: menu_http_error:403)
[01:13:08]   [第4輪 299/384] [待下輪補抓] 6670 (復盛應用) (原因: menu_http_error:403)
[01:13:09]   [第4輪 300/384] [待下輪補抓] 6706 (惠特) (原因: menu_http_error:403)
[01:13:12]   [第4輪 301/384] [待下輪補抓] 6715 (嘉基) (原因: menu_http_error:403)
[01:13:12]   [第4輪 302/384] [待下輪補抓] 6719 (力智) (原因: menu_http_error:403)
[01:13:13]   [第4輪 303/384] [待下輪補抓] 6722 (輝創) (原因: menu_http_error:403)
[01:13:14]   [第4輪 304/384] [待下輪補抓] 6742 (澤米) (原因: post_missing_download_link)
[01:13:17]   [第4輪 305/384] [待下輪補抓] 6743 (安普新) (原因: post_http_error:403)
[01:13:18]   [第4輪 306/384] [待下輪補抓] 6796 (晉弘) (原因: menu_http_error:403)
[01:13:18]   [第4輪 307/384] [待下輪補抓] 6799 (來頡) (原因: menu_http_error:403)
[01:13:19]   [第4輪 308/384] [待下輪補抓] 6805 (富世達) (原因: menu_http_error:403)
[01:13:22]   [第4輪 309/384] [待下輪補抓] 6807 (峰源-KY) (原因: menu_http_error:403)
[01:13:23]   [第4輪 310/384] [待下輪補抓] 6838 (台新藥) (原因: menu_http_error:403)
[01:13:24]   [第4輪 311/384] [待下輪補抓] 6921 (嘉雨思-創) (原因: menu_http_error:403)
[01:13:25]   [第4輪 312/384] [待下輪補抓] 6854 (錼創科技-KY創) (原因: post_missing_download_link)
[01:13:27]   [第4輪 313/384] [待下輪補抓] 6923 (中台) (原因: post_http_error:403)
[01:13:29]   [第4輪 314/384] [待下輪補抓] 6924 (榮惠-KY創) (原因: menu_http_error:403)
[01:13:29]   [第4輪 315/384] [待下輪補抓] 6928 (攸泰科技) (原因: menu_http_error:403)
[01:13:30]   [第4輪 316/384] [待下輪補抓] 6931 (青松健康) (原因: menu_http_error:403)
[01:13:33]   [第4輪 317/384] [待下輪補抓] 6947 (台鎔科技) (原因: menu_http_error:403)
[01:13:34]   [第4輪 318/384] [待下輪補抓] 6949 (沛爾生醫-創) (原因: menu_http_error:403)
[01:13:34]   [第4輪 319/384] [待下輪補抓] 6951 (青新-創) (原因: menu_http_error:403)
[01:13:36]   [第4輪 320/384] [待下輪補抓] 6952 (大武山) (原因: post_missing_download_link)
[01:13:38]   [第4輪 321/384] [待下輪補抓] 6955 (邦睿生技-創) (原因: post_http_error:403)
[01:13:39]   [第4輪 322/384] [待下輪補抓] 6957 (裕慶-KY) (原因: menu_http_error:403)
[01:13:40]   [第4輪 323/384] [待下輪補抓] 6958 (日盛台駿) (原因: menu_http_error:403)
[01:13:41]   [第4輪 324/384] [待下輪補抓] 7823 (奧義賽博-KY創) (原因: menu_http_error:403)
[01:13:43]   [第4輪 325/384] [待下輪補抓] 7827 (漢康-KY創) (原因: menu_http_error:403)
[01:13:45]   [第4輪 326/384] [待下輪補抓] 7835 (永悅健康-創) (原因: post_missing_download_link)
[01:13:45]   [第4輪 327/384] [待下輪補抓] 7855 (和運租車) (原因: post_missing_download_link)
[01:13:46]   [第4輪 328/384] [待下輪補抓] 8011 (台通) (原因: post_missing_download_link)
[01:13:50]   [第4輪 329/384] [待下輪補抓] 8016 (矽創) (原因: menu_http_error:403)
[01:13:51]   [第4輪 330/384] [待下輪補抓] 8021 (尖點) (原因: menu_http_error:403)
[01:13:51]   [第4輪 331/384] [待下輪補抓] 8028 (昇陽半導體) (原因: menu_http_error:403)
[01:13:51]   [第4輪 332/384] [待下輪補抓] 8033 (雷虎) (原因: menu_http_error:403)
[01:13:55]   [第4輪 333/384] [待下輪補抓] 8039 (台虹) (原因: menu_http_error:403)
[01:13:56]   [第4輪 334/384] [待下輪補抓] 8045 (達運光電) (原因: post_missing_download_link)
[01:13:56]   [第4輪 335/384] [待下輪補抓] 8046 (南電) (原因: post_missing_download_link)
[01:13:57]   [第4輪 336/384] [待下輪補抓] 8249 (菱光) (原因: post_missing_download_link)
[01:14:00]   [第4輪 337/384] [待下輪補抓] 8271 (宇瞻) (原因: menu_http_error:403)
[01:14:01]   [第4輪 338/384] [待下輪補抓] 8341 (日友) (原因: menu_http_error:403)
[01:14:02]   [第4輪 339/384] [待下輪補抓] 8374 (羅昇) (原因: menu_http_error:403)
[01:14:02]   [第4輪 340/384] [待下輪補抓] 8438 (昶昕) (原因: menu_http_error:403)
[01:14:06]   [第4輪 341/384] [待下輪補抓] 8442 (威宏-KY) (原因: post_missing_download_link)
[01:14:07]   [第4輪 342/384] [OK] 8454 (富邦媒) -> 成功補回 236 筆！
[01:14:07]   [第4輪 343/384] [OK] 8429 (金麗-KY) -> 成功補回 65 筆！
[01:14:08]   [第4輪 344/384] [OK] 8462 (柏文) -> 成功補回 124 筆！
[01:14:09]   [第4輪 345/384] [OK] 8463 (潤泰材) -> 成功補回 25 筆！
[01:14:12]   [第4輪 346/384] [待下輪補抓] 8476 (台境*) (原因: menu_http_error:403)
[01:14:12]   [第4輪 347/384] [待下輪補抓] 8473 (山林水) (原因: menu_http_error:403)
[01:14:14]   [第4輪 348/384] [待下輪補抓] 8478 (東哥遊艇) (原因: menu_http_error:403)
[01:14:14]   [第4輪 349/384] [待下輪補抓] 8481 (政伸) (原因: menu_http_error:403)
[01:14:17]   [第4輪 350/384] [OK] 8487 (愛爾達-創) -> 成功補回 17 筆！
[01:14:17]   [第4輪 351/384] [OK] 8482 (商億-KY) -> 成功補回 5 筆！
[01:14:18]   [第4輪 352/384] [OK] 8488 (吉源-KY) -> 成功補回 10 筆！
[01:14:20]   [第4輪 353/384] [OK] 8499 (鼎炫-KY) -> 成功補回 14 筆！
[01:14:22]   [第4輪 354/384] [待下輪補抓] 8996 (高力) (原因: menu_http_error:403)
[01:14:22]   [第4輪 355/384] [待下輪補抓] 8926 (台汽電) (原因: menu_http_error:403)
[01:14:23]   [第4輪 356/384] [待下輪補抓] 8940 (新天地) (原因: menu_http_error:403)
[01:14:25]   [第4輪 357/384] [待下輪補抓] 9103 (美德醫療-DR) (原因: menu_http_error:403)
[01:14:27]   [第4輪 358/384] [OK] 910861 (神州-DR) -> 成功補回 26 筆！
[01:14:27]   [第4輪 359/384] [OK] 9105 (泰金寶-DR) -> 成功補回 501 筆！
[01:14:28]   [第4輪 360/384] [OK] 910322 (康師傅-DR) -> 成功補回 13 筆！
[01:14:29]   [第4輪 361/384] [OK] 911608 (明輝-DR) -> 成功補回 11 筆！
[01:14:30]   [第4輪 362/384] [OK] 911622 (泰聚亨-DR) -> 成功補回 5 筆！
[01:14:31]   [第4輪 363/384] [OK] 911868 (同方友友-DR) -> 成功補回 20 筆！
[01:14:34]   [第4輪 364/384] [待下輪補抓] 9136 (巨騰-DR) (原因: menu_http_error:403)
[01:14:34]   [第4輪 365/384] [待下輪補抓] 912000 (晨訊科-DR) (原因: menu_http_error:403)
[01:14:36]   [第4輪 366/384] [待下輪補抓] 9802 (鈺齊-KY) (原因: post_missing_download_link)
[01:14:36]   [第4輪 367/384] [待下輪補抓] 9902 (台火) (原因: post_missing_download_link)
[01:14:39]   [第4輪 368/384] [待下輪補抓] 9904 (寶成) (原因: menu_http_error:403)
[01:14:39]   [第4輪 369/384] [待下輪補抓] 9905 (大華) (原因: menu_http_error:403)
[01:14:41]   [第4輪 370/384] [待下輪補抓] 9907 (統一實) (原因: menu_http_error:403)
[01:14:41]   [第4輪 371/384] [待下輪補抓] 9906 (欣巴巴) (原因: menu_http_error:403)
[01:14:45]   [第4輪 372/384] [待下輪補抓] 9910 (豐泰) (原因: menu_http_error:403)
[01:14:46]   [第4輪 373/384] [待下輪補抓] 9908 (大台北) (原因: post_missing_download_link)
[01:14:47]   [第4輪 374/384] [待下輪補抓] 9912 (偉聯) (原因: post_missing_download_link)
[01:14:47]   [第4輪 375/384] [待下輪補抓] 9911 (櫻花) (原因: post_missing_download_link)
[01:14:50]   [第4輪 376/384] [待下輪補抓] 9914 (美利達) (原因: menu_http_error:403)
[01:14:51]   [第4輪 377/384] [待下輪補抓] 9917 (中保科) (原因: menu_http_error:403)
[01:14:52]   [第4輪 378/384] [待下輪補抓] 9919 (康那香) (原因: menu_http_error:403)
[01:14:53]   [第4輪 379/384] [待下輪補抓] 9918 (欣天然) (原因: menu_http_error:403)
[01:14:56]   [第4輪 380/384] [待下輪補抓] 9924 (福興) (原因: post_missing_download_link)
[01:14:57]   [第4輪 381/384] [待下輪補抓] 9921 (巨大) (原因: post_missing_download_link)
[01:14:57]   [第4輪 382/384] [待下輪補抓] 9925 (新保) (原因: captcha_http_error:403)
[01:14:58]   [第4輪 383/384] [待下輪補抓] 9943 (好樂迪) (原因: menu_http_error:403)
[01:15:01]   [第4輪 384/384] [待下輪補抓] 9958 (世紀鋼) (原因: menu_http_error:403)
[01:15:01] [+] 第 4 輪補抓完成！成功救回 46/384 檔 (累計明確無資料: 0 檔 | 剩餘技術失敗: 338 檔)

--------------------------------------------------
[01:15:01] [*] 啟動第 5/10 輪精準安全補抓佇列 (待補抓: 338 檔)
[01:15:01] [*] 安全防護策略: 4-Workers 安全並行模式, 請求間隔 3.2s, 單檔 6 次重試
--------------------------------------------------
[01:15:11]   [第5輪 1/338] [待下輪補抓] 00680L (元大美債20正2) (原因: menu_http_error:403)
[01:15:11]   [第5輪 2/338] [待下輪補抓] 00682U (期元大美元指數) (原因: menu_http_error:403)
[01:15:11]   [第5輪 3/338] [待下輪補抓] 00681R (元大美債20反1) (原因: menu_http_error:403)
[01:15:11]   [第5輪 4/338] [待下輪補抓] 00711B (復華彭博新興債) (原因: menu_http_error:403)
[01:15:19]   [第5輪 5/338] [待下輪補抓] 00875 (國泰網路資安) (原因: menu_http_error:403)
[01:15:19]   [第5輪 6/338] [待下輪補抓] 00922 (國泰台灣領袖50) (原因: menu_http_error:403)
[01:15:20]   [第5輪 7/338] [待下輪補抓] 00712 (復華富時不動產) (原因: menu_http_error:403)
[01:15:20]   [第5輪 8/338] [待下輪補抓] 00921 (兆豐龍頭等權重) (原因: menu_http_error:403)
[01:15:27]   [第5輪 9/338] [待下輪補抓] 009801 (中信美國創新科技) (原因: menu_http_error:403)
[01:15:27]   [第5輪 10/338] [待下輪補抓] 00944 (野村趨勢動能高息) (原因: menu_http_error:403)
[01:15:27]   [第5輪 11/338] [待下輪補抓] 00943 (兆豐電子高息等權) (原因: menu_http_error:403)
[01:15:28]   [第5輪 12/338] [待下輪補抓] 00930 (永豐ESG低碳高息) (原因: post_missing_download_link)
[01:15:35]   [第5輪 13/338] [待下輪補抓] 009802 (富邦旗艦50) (原因: menu_http_error:403)
[01:15:35]   [第5輪 14/338] [待下輪補抓] 009803 (玉山市值動能50) (原因: menu_http_error:403)
[01:15:36]   [第5輪 15/338] [待下輪補抓] 009804 (聯邦台精彩50) (原因: menu_http_error:403)
[01:15:36]   [第5輪 16/338] [待下輪補抓] 009805 (台新美國電力基建) (原因: menu_http_error:403)
[01:15:42]   [第5輪 17/338] [待下輪補抓] 009808 (華南永昌優選50) (原因: menu_http_error:403)
[01:15:43]   [第5輪 18/338] [待下輪補抓] 00981T (平衡凱基雙核收息) (原因: menu_http_error:403)
[01:15:43]   [第5輪 19/338] [待下輪補抓] 00980A (主動野村臺灣優選) (原因: menu_http_error:403)
[01:15:43]   [第5輪 20/338] [待下輪補抓] 009809 (富邦淨零ESG50) (原因: menu_http_error:403)
[01:15:50]   [第5輪 21/338] [待下輪補抓] 009820 (元大納斯達克精選) (原因: post_http_error:403)
[01:15:51]   [第5輪 22/338] [待下輪補抓] 009821 (野村稀土關鍵資源) (原因: menu_http_error:403)
[01:15:51]   [第5輪 23/338] [待下輪補抓] 00983D (主動富邦複合收益) (原因: menu_http_error:403)
[01:15:51]   [第5輪 24/338] [待下輪補抓] 1235 (興泰) (原因: menu_http_error:403)
[01:15:57]   [第5輪 25/338] [待下輪補抓] 1256 (鮮活果汁-KY) (原因: menu_http_error:403)
[01:15:58]   [第5輪 26/338] [OK] 1301 (台塑) -> 成功補回 757 筆！
[01:15:58]   [第5輪 27/338] [OK] 1236 (宏亞) -> 成功補回 35 筆！
[01:15:58]   [第5輪 28/338] [OK] 1307 (三芳) -> 成功補回 69 筆！
[01:16:02]   [第5輪 29/338] [OK] 1310 (台苯) -> 成功補回 221 筆！
[01:16:02]   [第5輪 30/338] [OK] 1315 (達新) -> 成功補回 24 筆！
[01:16:03]   [第5輪 31/338] [OK] 1321 (大洋) -> 成功補回 19 筆！
[01:16:03]   [第5輪 32/338] [OK] 1323 (永裕) -> 成功補回 36 筆！
[01:16:08]   [第5輪 33/338] [OK] 1436 (華友聯) -> 成功補回 70 筆！
[01:16:09]   [第5輪 34/338] [OK] 1324 (地球) -> 成功補回 34 筆！
[01:16:09]   [第5輪 35/338] [OK] 1439 (雋揚) -> 成功補回 7 筆！
[01:16:10]   [第5輪 36/338] [OK] 1451 (年興) -> 成功補回 30 筆！
[01:16:13]   [第5輪 37/338] [OK] 1456 (怡華) -> 成功補回 49 筆！
[01:16:16]   [第5輪 38/338] [待下輪補抓] 1467 (南緯) (原因: menu_http_error:403)
[01:16:17]   [第5輪 39/338] [待下輪補抓] 1463 (強盛新) (原因: menu_http_error:403)
[01:16:17]   [第5輪 40/338] [待下輪補抓] 1470 (大統新創) (原因: menu_http_error:403)
[01:16:18]   [第5輪 41/338] [OK] 1516 (川飛) -> 成功補回 183 筆！
[01:16:21]   [第5輪 42/338] [OK] 1517 (利奇) -> 成功補回 84 筆！
[01:16:21]   [第5輪 43/338] [OK] 1519 (華城) -> 成功補回 543 筆！
[01:16:21]   [第5輪 44/338] [OK] 1526 (日馳) -> 成功補回 99 筆！
[01:16:23]   [第5輪 45/338] [OK] 1527 (鑽全) -> 成功補回 60 筆！
[01:16:25]   [第5輪 46/338] [OK] 1528 (恩德) -> 成功補回 770 筆！
[01:16:29]   [第5輪 47/338] [待下輪補抓] 1529 (樂事綠能) (原因: post_http_error:403)
[01:16:29]   [第5輪 48/338] [待下輪補抓] 1537 (廣隆) (原因: menu_http_error:403)
[01:16:30]   [第5輪 49/338] [待下輪補抓] 1538 (正峰) (原因: menu_http_error:403)
[01:16:32]   [第5輪 50/338] [待下輪補抓] 1539 (巨庭) (原因: menu_http_error:403)
[01:16:37]   [第5輪 51/338] [待下輪補抓] 1540 (喬福) (原因: menu_http_error:403)
[01:16:37]   [第5輪 52/338] [待下輪補抓] 1541 (錩泰) (原因: menu_http_error:403)
[01:16:38]   [第5輪 53/338] [待下輪補抓] 1558 (伸興) (原因: post_missing_download_link)
[01:16:40]   [第5輪 54/338] [待下輪補抓] 1560 (中砂) (原因: post_missing_download_link)
[01:16:44]   [第5輪 55/338] [待下輪補抓] 1563 (巧新) (原因: menu_http_error:403)
[01:16:45]   [第5輪 56/338] [待下輪補抓] 1568 (倉佑) (原因: menu_http_error:403)
[01:16:45]   [第5輪 57/338] [待下輪補抓] 1582 (信錦) (原因: menu_http_error:403)
[01:16:47]   [第5輪 58/338] [待下輪補抓] 1583 (程泰) (原因: menu_http_error:403)
[01:16:52]   [第5輪 59/338] [待下輪補抓] 1587 (吉茂) (原因: menu_http_error:403)
[01:16:52]   [第5輪 60/338] [待下輪補抓] 1590 (亞德客-KY) (原因: menu_http_error:403)
[01:16:54]   [第5輪 61/338] [待下輪補抓] 1597 (直得) (原因: menu_http_error:403)
[01:16:54]   [第5輪 62/338] [待下輪補抓] 1598 (岱宇) (原因: menu_http_error:403)
[01:16:59]   [第5輪 63/338] [待下輪補抓] 1603 (華電) (原因: post_missing_download_link)
[01:17:00]   [第5輪 64/338] [待下輪補抓] 1604 (聲寶) (原因: menu_http_error:403)
[01:17:02]   [第5輪 65/338] [待下輪補抓] 1605 (華新) (原因: menu_http_error:403)
[01:17:02]   [第5輪 66/338] [待下輪補抓] 1608 (華榮) (原因: menu_http_error:403)
[01:17:04]   [第5輪 67/338] [OK] 1725 (元禎) -> 成功補回 46 筆！
[01:17:05]   [第5輪 68/338] [OK] 1614 (三洋電) -> 成功補回 54 筆！
[01:17:06]   [第5輪 69/338] [OK] 1736 (喬山) -> 成功補回 91 筆！
[01:17:06]   [第5輪 70/338] [OK] 1762 (中化生) -> 成功補回 51 筆！
[01:17:09]   [第5輪 71/338] [OK] 1783 (和康生) -> 成功補回 49 筆！
[01:17:13]   [第5輪 72/338] [待下輪補抓] 1904 (正隆) (原因: menu_http_error:403)
[01:17:13]   [第5輪 73/338] [待下輪補抓] 1789 (神隆) (原因: menu_http_error:403)
[01:17:14]   [第5輪 74/338] [待下輪補抓] 1786 (科妍) (原因: captcha_validation_failed)
[01:17:16]   [第5輪 75/338] [OK] 2015 (豐興) -> 成功補回 94 筆！
[01:17:17]   [第5輪 76/338] [OK] 2024 (志聯) -> 成功補回 18 筆！
[01:17:18]   [第5輪 77/338] [OK] 2025 (千興) -> 成功補回 76 筆！
[01:17:18]   [第5輪 78/338] [OK] 2027 (大成鋼) -> 成功補回 593 筆！
[01:17:20]   [第5輪 79/338] [OK] 2028 (威致) -> 成功補回 42 筆！
[01:17:24]   [第5輪 80/338] [待下輪補抓] 2029 (盛餘) (原因: menu_http_error:403)
[01:17:24]   [第5輪 81/338] [OK] 2032 (新鋼) -> 成功補回 78 筆！
[01:17:25]   [第5輪 82/338] [OK] 2030 (彰源) -> 成功補回 226 筆！
[01:17:25]   [第5輪 83/338] [OK] 2031 (新光鋼) -> 成功補回 110 筆！
[01:17:28]   [第5輪 84/338] [OK] 2109 (華豐) -> 成功補回 46 筆！
[01:17:32]   [第5輪 85/338] [待下輪補抓] 2033 (佳大) (原因: menu_http_error:403)
[01:17:33]   [第5輪 86/338] [待下輪補抓] 2114 (鑫永銓) (原因: menu_http_error:403)
[01:17:33]   [第5輪 87/338] [待下輪補抓] 2115 (六暉-KY) (原因: post_missing_download_link)
[01:17:35]   [第5輪 88/338] [待下輪補抓] 2204 (中華) (原因: post_missing_download_link)
[01:17:40]   [第5輪 89/338] [待下輪補抓] 2206 (三陽工業) (原因: menu_http_error:403)
[01:17:40]   [第5輪 90/338] [待下輪補抓] 2201 (裕隆) (原因: menu_http_error:403)
[01:17:41]   [第5輪 91/338] [待下輪補抓] 2207 (和泰車) (原因: menu_http_error:403)
[01:17:43]   [第5輪 92/338] [待下輪補抓] 2355 (敬鵬) (原因: menu_http_error:403)
[01:17:47]   [第5輪 93/338] [OK] 2357 (華碩) -> 成功補回 602 筆！
[01:17:47]   [第5輪 94/338] [OK] 2360 (致茂) -> 成功補回 555 筆！
[01:17:48]   [第5輪 95/338] [OK] 2356 (英業達) -> 成功補回 688 筆！
[01:17:48]   [第5輪 96/338] [OK] 2328 (廣宇) -> 成功補回 305 筆！
[01:17:52]   [第5輪 97/338] [OK] 2362 (藍天) -> 成功補回 123 筆！
[01:17:52]   [第5輪 98/338] [OK] 2359 (所羅門) -> 成功補回 528 筆！
[01:17:56]   [第5輪 99/338] [待下輪補抓] 2363 (矽統) (原因: menu_http_error:403)
[01:17:57]   [第5輪 100/338] [待下輪補抓] 2364 (倫飛) (原因: menu_http_error:403)
[01:17:58]   [第5輪 101/338] [OK] 2365 (昆盈) -> 成功補回 180 筆！
[01:17:58]   [第5輪 102/338] [OK] 2368 (金像電) -> 成功補回 766 筆！
[01:18:01]   [第5輪 103/338] [OK] 2412 (中華電) -> 成功補回 643 筆！
[01:18:01]   [第5輪 104/338] [OK] 2367 (燿華) -> 成功補回 519 筆！
[01:18:06]   [第5輪 105/338] [待下輪補抓] 2376 (技嘉) (原因: menu_http_error:403)
[01:18:06]   [第5輪 106/338] [待下輪補抓] 2413 (環科) (原因: menu_http_error:403)
[01:18:07]   [第5輪 107/338] [OK] 2417 (圓剛) -> 成功補回 133 筆！
[01:18:09]   [第5輪 108/338] [待下輪補抓] 2414 (精技) (原因: captcha_validation_failed)
[01:18:10]   [第5輪 109/338] [OK] 2415 (錩新) -> 成功補回 43 筆！
[01:18:12]   [第5輪 110/338] [OK] 2420 (新巨) -> 成功補回 90 筆！
[01:18:12]   [第5輪 111/338] [OK] 2419 (仲琦) -> 成功補回 292 筆！
[01:18:16]   [第5輪 112/338] [待下輪補抓] 2425 (承啟) (原因: menu_http_error:403)
[01:18:18]   [第5輪 113/338] [OK] 2429 (銘旺科) -> 成功補回 99 筆！
[01:18:18]   [第5輪 114/338] [OK] 2427 (三商電) -> 成功補回 574 筆！
[01:18:18]   [第5輪 115/338] [OK] 2428 (興勤) -> 成功補回 354 筆！
[01:18:20]   [第5輪 116/338] [OK] 2430 (燦坤) -> 成功補回 52 筆！
[01:18:22]   [第5輪 117/338] [OK] 2431 (聯昌) -> 成功補回 46 筆！
[01:18:23]   [第5輪 118/338] [OK] 2432 (倚天酷碁-創) -> 成功補回 4 筆！
[01:18:25]   [第5輪 119/338] [待下輪補抓] 2439 (美律) (原因: menu_http_error:403)
[01:18:28]   [第5輪 120/338] [OK] 2441 (超豐) -> 成功補回 549 筆！
[01:18:28]   [第5輪 121/338] [OK] 2436 (偉詮電) -> 成功補回 561 筆！
[01:18:28]   [第5輪 122/338] [OK] 2440 (太空梭) -> 成功補回 54 筆！
[01:18:30]   [第5輪 123/338] [OK] 2442 (新美齊) -> 成功補回 330 筆！
[01:18:32]   [第5輪 124/338] [OK] 2449 (京元電子) -> 成功補回 766 筆！
[01:18:35]   [第5輪 125/338] [待下輪補抓] 2444 (兆勁) (原因: menu_http_error:403)
[01:18:36]   [第5輪 126/338] [待下輪補抓] 2450 (神腦) (原因: menu_http_error:403)
[01:18:38]   [第5輪 127/338] [OK] 2466 (冠西電) -> 成功補回 353 筆！
[01:18:38]   [第5輪 128/338] [OK] 2476 (鉅祥) -> 成功補回 237 筆！
[01:18:39]   [第5輪 129/338] [OK] 2478 (大毅) -> 成功補回 436 筆！
[01:18:42]   [第5輪 130/338] [OK] 2480 (敦陽科) -> 成功補回 216 筆！
[01:18:46]   [第5輪 131/338] [待下輪補抓] 2483 (百容) (原因: menu_http_error:403)
[01:18:46]   [第5輪 132/338] [待下輪補抓] 2481 (強茂) (原因: menu_http_error:403)
[01:18:46]   [第5輪 133/338] [待下輪補抓] 2482 (連宇) (原因: menu_http_error:403)
[01:18:50]   [第5輪 134/338] [待下輪補抓] 2489 (瑞軒) (原因: post_missing_download_link)
[01:18:54]   [第5輪 135/338] [OK] 2515 (中工) -> 成功補回 211 筆！
[01:18:54]   [第5輪 136/338] [OK] 2540 (愛山林) -> 成功補回 95 筆！
[01:18:54]   [第5輪 137/338] [OK] 2539 (櫻花建) -> 成功補回 188 筆！
[01:18:55]   [第5輪 138/338] [OK] 2538 (基泰) -> 成功補回 89 筆！
[01:18:58]   [第5輪 139/338] [OK] 2543 (皇昌) -> 成功補回 220 筆！
[01:19:01]   [第5輪 140/338] [待下輪補抓] 2542 (興富發) (原因: menu_http_error:403)
[01:19:02]   [第5輪 141/338] [待下輪補抓] 2601 (益航) (原因: menu_http_error:403)
[01:19:03]   [第5輪 142/338] [待下輪補抓] 2597 (潤弘) (原因: menu_http_error:403)
[01:19:06]   [第5輪 143/338] [OK] 2634 (漢翔) -> 成功補回 758 筆！
[01:19:06]   [第5輪 144/338] [OK] 2603 (長榮) -> 成功補回 748 筆！
[01:19:07]   [第5輪 145/338] [OK] 2748 (雲品) -> 成功補回 52 筆！
[01:19:11]   [第5輪 146/338] [待下輪補抓] 2753 (八方雲集) (原因: menu_http_error:403)
[01:19:13]   [第5輪 147/338] [待下輪補抓] 2762 (世界健身-KY) (原因: menu_http_error:403)
[01:19:13]   [第5輪 148/338] [待下輪補抓] 2801 (彰銀) (原因: menu_http_error:403)
[01:19:15]   [第5輪 149/338] [OK] 2812 (台中銀) -> 成功補回 611 筆！
[01:19:15]   [第5輪 150/338] [OK] 2816 (旺旺保) -> 成功補回 115 筆！
[01:19:18]   [第5輪 151/338] [OK] 2834 (臺企銀) -> 成功補回 720 筆！
[01:19:18]   [第5輪 152/338] [OK] 2882B (國泰金乙特) -> 成功補回 8 筆！
[01:19:22]   [第5輪 153/338] [待下輪補抓] 2883B (凱基金乙特) (原因: http_exception:ConnectionError)
[01:19:23]   [第5輪 154/338] [待下輪補抓] 2883 (凱基金) (原因: post_missing_download_link)
[01:19:26]   [第5輪 155/338] [待下輪補抓] 2884 (玉山金) (原因: menu_http_error:403)
[01:19:26]   [第5輪 156/338] [待下輪補抓] 2887F (台新新光戊特二) (原因: menu_http_error:403)
[01:19:30]   [第5輪 157/338] [OK] 3018 (隆銘綠能) -> 成功補回 66 筆！
[01:19:31]   [第5輪 158/338] [OK] 2890 (永豐金) -> 成功補回 682 筆！
[01:19:31]   [第5輪 159/338] [OK] 2887Z1 (台新新光己特) -> 成功補回 35 筆！
[01:19:31]   [第5輪 160/338] [OK] 3017 (奇鋐) -> 成功補回 712 筆！
[01:19:38]   [第5輪 161/338] [待下輪補抓] 3040 (遠見) (原因: menu_http_error:403)
[01:19:38]   [第5輪 162/338] [待下輪補抓] 3042 (晶技) (原因: menu_http_error:403)
[01:19:39]   [第5輪 163/338] [待下輪補抓] 3028 (增你強) (原因: menu_http_error:403)
[01:19:39]   [第5輪 164/338] [待下輪補抓] 3041 (揚智) (原因: menu_http_error:403)
[01:19:43]   [第5輪 165/338] [OK] 3048 (益登) -> 成功補回 283 筆！
[01:19:43]   [第5輪 166/338] [OK] 3050 (鈺德) -> 成功補回 64 筆！
[01:19:44]   [第5輪 167/338] [OK] 3049 (精金) -> 成功補回 389 筆！
[01:19:46]   [第5輪 168/338] [待下輪補抓] 3043 (科風) (原因: menu_http_error:403)
[01:19:50]   [第5輪 169/338] [待下輪補抓] 3051 (力特) (原因: menu_http_error:403)
[01:19:51]   [第5輪 170/338] [待下輪補抓] 3052 (夆典) (原因: menu_http_error:403)
[01:19:52]   [第5輪 171/338] [待下輪補抓] 3054 (立萬利) (原因: menu_http_error:403)
[01:19:53]   [第5輪 172/338] [待下輪補抓] 3055 (蔚華科) (原因: captcha_validation_failed)
[01:19:54]   [第5輪 173/338] [OK] 3056 (富華新) -> 成功補回 131 筆！
[01:19:55]   [第5輪 174/338] [OK] 3057 (喬鼎) -> 成功補回 55 筆！
[01:19:57]   [第5輪 175/338] [OK] 3058 (立德) -> 成功補回 129 筆！
[01:19:57]   [第5輪 176/338] [OK] 3059 (華晶科) -> 成功補回 285 筆！
[01:19:58]   [第5輪 177/338] [OK] 3060 (銘異) -> 成功補回 165 筆！
[01:20:02]   [第5輪 178/338] [待下輪補抓] 3090 (日電貿) (原因: menu_http_error:403)
[01:20:03]   [第5輪 179/338] [OK] 3062 (建漢) -> 成功補回 219 筆！
[01:20:04]   [第5輪 180/338] [OK] 3092 (鴻碩) -> 成功補回 85 筆！
[01:20:05]   [第5輪 181/338] [OK] 3094 (聯傑) -> 成功補回 698 筆！
[01:20:09]   [第5輪 182/338] [待下輪補抓] 3135 (凌航) (原因: menu_http_error:403)
[01:20:11]   [第5輪 183/338] [待下輪補抓] 3130 (一零四) (原因: menu_http_error:403)
[01:20:12]   [第5輪 184/338] [待下輪補抓] 3138 (耀登) (原因: menu_http_error:403)
[01:20:12]   [第5輪 185/338] [待下輪補抓] 3149 (正達) (原因: menu_http_error:403)
[01:20:13]   [第5輪 186/338] [OK] 3150 (鈺寶-創) -> 成功補回 18 筆！
[01:20:15]   [第5輪 187/338] [OK] 3167 (大量) -> 成功補回 705 筆！
[01:20:16]   [第5輪 188/338] [OK] 3164 (景岳) -> 成功補回 25 筆！
[01:20:17]   [第5輪 189/338] [OK] 3168 (眾福科) -> 成功補回 7 筆！
[01:20:18]   [第5輪 190/338] [OK] 3189 (景碩) -> 成功補回 791 筆！
[01:20:19]   [第5輪 191/338] [OK] 3209 (全科) -> 成功補回 238 筆！
[01:20:21]   [第5輪 192/338] [OK] 3229 (晟鈦) -> 成功補回 632 筆！
[01:20:23]   [第5輪 193/338] [OK] 3257 (虹冠電) -> 成功補回 94 筆！
[01:20:24]   [第5輪 194/338] [OK] 3231 (緯創) -> 成功補回 804 筆！
[01:20:25]   [第5輪 195/338] [OK] 3376 (新日興) -> 成功補回 639 筆！
[01:20:25]   [第5輪 196/338] [OK] 3266 (昇陽) -> 成功補回 23 筆！
[01:20:28]   [第5輪 197/338] [OK] 3437 (榮創) -> 成功補回 277 筆！
[01:20:28]   [第5輪 198/338] [OK] 3443 (創意) -> 成功補回 656 筆！
[01:20:32]   [第5輪 199/338] [待下輪補抓] 3447 (展達) (原因: menu_http_error:403)
[01:20:33]   [第5輪 200/338] [待下輪補抓] 3450 (聯鈞) (原因: menu_http_error:403)
[01:20:34]   [第5輪 201/338] [OK] 3515 (華擎) -> 成功補回 279 筆！
[01:20:34]   [第5輪 202/338] [OK] 3481 (群創) -> 成功補回 815 筆！
[01:20:37]   [第5輪 203/338] [OK] 3528 (安馳) -> 成功補回 42 筆！
[01:20:38]   [第5輪 204/338] [OK] 3530 (晶相光) -> 成功補回 53 筆！
[01:20:39]   [第5輪 205/338] [OK] 3532 (台勝科) -> 成功補回 773 筆！
[01:20:40]   [第5輪 206/338] [待下輪補抓] 3518 (柏騰) (原因: menu_http_error:403)
[01:20:44]   [第5輪 207/338] [OK] 3694 (海華) -> 成功補回 159 筆！
[01:20:44]   [第5輪 208/338] [OK] 3686 (達能) -> 成功補回 78 筆！
[01:20:45]   [第5輪 209/338] [OK] 4106 (雃博) -> 成功補回 49 筆！
[01:20:45]   [第5輪 210/338] [OK] 3679 (新至陞) -> 成功補回 27 筆！
[01:20:48]   [第5輪 211/338] [OK] 4137 (麗豐-KY) -> 成功補回 79 筆！
[01:20:52]   [第5輪 212/338] [待下輪補抓] 3701 (大眾控) (原因: menu_http_error:403)
[01:20:52]   [第5輪 213/338] [待下輪補抓] 4133 (亞諾法) (原因: menu_http_error:403)
[01:20:53]   [第5輪 214/338] [待下輪補抓] 4142 (國光生) (原因: menu_http_error:403)
[01:20:55]   [第5輪 215/338] [OK] 4148 (全宇生技-KY) -> 成功補回 49 筆！
[01:20:56]   [第5輪 216/338] [OK] 4155 (訊映) -> 成功補回 157 筆！
[01:20:57]   [第5輪 217/338] [OK] 4164 (承業醫) -> 成功補回 82 筆！
[01:20:59]   [第5輪 218/338] [OK] 4169 (泰宗) -> 成功補回 101 筆！
[01:20:59]   [第5輪 219/338] [OK] 4190 (佐登-KY) -> 成功補回 15 筆！
[01:21:04]   [第5輪 220/338] [待下輪補抓] 4178 (永笙-KY) (原因: menu_http_error:403)
[01:21:04]   [第5輪 221/338] [待下輪補抓] 4306 (炎洲) (原因: menu_http_error:403)
[01:21:06]   [第5輪 222/338] [待下輪補抓] 4195 (基米-創) (原因: menu_http_error:403)
[01:21:06]   [第5輪 223/338] [待下輪補抓] 4414 (如興) (原因: menu_http_error:403)
[01:21:11]   [第5輪 224/338] [待下輪補抓] 4426 (利勤) (原因: post_missing_download_link)
[01:21:12]   [第5輪 225/338] [待下輪補抓] 4569 (六方科-KY) (原因: menu_http_error:403)
[01:21:14]   [第5輪 226/338] [待下輪補抓] 4572 (駐龍) (原因: menu_http_error:403)
[01:21:14]   [第5輪 227/338] [待下輪補抓] 4576 (大銀微系統) (原因: menu_http_error:403)
[01:21:19]   [第5輪 228/338] [待下輪補抓] 4581 (光隆精密-KY) (原因: menu_http_error:403)
[01:21:19]   [第5輪 229/338] [待下輪補抓] 5258 (虹堡) (原因: menu_http_error:403)
[01:21:21]   [第5輪 230/338] [待下輪補抓] 5269 (祥碩) (原因: post_missing_download_link)
[01:21:21]   [第5輪 231/338] [待下輪補抓] 5283 (禾聯碩) (原因: post_missing_download_link)
[01:21:27]   [第5輪 232/338] [待下輪補抓] 5469 (瀚宇博) (原因: menu_http_error:403)
[01:21:27]   [第5輪 233/338] [待下輪補抓] 5538 (東明-KY) (原因: menu_http_error:403)
[01:21:29]   [第5輪 234/338] [待下輪補抓] 5534 (長虹) (原因: menu_http_error:403)
[01:21:30]   [第5輪 235/338] [待下輪補抓] 5546 (永固-KY) (原因: menu_http_error:403)
[01:21:31]   [第5輪 236/338] [OK] 5607 (遠雄港) -> 成功補回 99 筆！
[01:21:33]   [第5輪 237/338] [OK] 5608 (四維航) -> 成功補回 404 筆！
[01:21:34]   [第5輪 238/338] [待下輪補抓] 5706 (鳳凰) (原因: captcha_validation_failed)
[01:21:37]   [第5輪 239/338] [待下輪補抓] 5871 (中租-KY) (原因: menu_http_error:403)
[01:21:39]   [第5輪 240/338] [待下輪補抓] 5871A (中租-KY甲特) (原因: menu_http_error:403)
[01:21:41]   [第5輪 241/338] [待下輪補抓] 5876 (上海商銀) (原因: menu_http_error:403)
[01:21:42]   [第5輪 242/338] [OK] 5906 (台南-KY) -> 成功補回 1 筆！
[01:21:42]   [第5輪 243/338] [OK] 5880 (合庫金) -> 成功補回 707 筆！
[01:21:43]   [第5輪 244/338] [OK] 5907 (大洋-KY) -> 成功補回 54 筆！
[01:21:45]   [第5輪 245/338] [OK] 6024 (群益期) -> 成功補回 125 筆！
[01:21:46]   [第5輪 246/338] [OK] 6005 (群益證) -> 成功補回 697 筆！
[01:21:50]   [第5輪 247/338] [待下輪補抓] 6108 (競國) (原因: menu_http_error:403)
[01:21:51]   [第5輪 248/338] [待下輪補抓] 6112 (邁達特) (原因: menu_http_error:403)
[01:21:52]   [第5輪 249/338] [OK] 6116 (彩晶) -> 成功補回 707 筆！
[01:21:53]   [第5輪 250/338] [OK] 6115 (鎰勝) -> 成功補回 58 筆！
[01:21:54]   [第5輪 251/338] [OK] 6117 (迎廣) -> 成功補回 77 筆！
[01:21:56]   [第5輪 252/338] [OK] 6120 (達運) -> 成功補回 188 筆！
[01:21:56]   [第5輪 253/338] [OK] 6128 (上福) -> 成功補回 28 筆！
[01:21:57]   [第5輪 254/338] [OK] 6155 (鈞寶) -> 成功補回 230 筆！
[01:22:01]   [第5輪 255/338] [待下輪補抓] 6153 (嘉聯益) (原因: post_missing_download_link)
[01:22:02]   [第5輪 256/338] [OK] 6442 (光聖) -> 成功補回 685 筆！
[01:22:02]   [第5輪 257/338] [OK] 6283 (淳安) -> 成功補回 62 筆！
[01:22:03]   [第5輪 258/338] [OK] 6451 (訊芯-KY) -> 成功補回 667 筆！
[01:22:06]   [第5輪 259/338] [OK] 6438 (迅得) -> 成功補回 148 筆！
[01:22:10]   [第5輪 260/338] [待下輪補抓] 6558 (興能高) (原因: menu_http_error:403)
[01:22:10]   [第5輪 261/338] [待下輪補抓] 6573 (虹揚-KY) (原因: menu_http_error:403)
[01:22:11]   [第5輪 262/338] [待下輪補抓] 6579 (研揚) (原因: menu_http_error:403)
[01:22:13]   [第5輪 263/338] [OK] 6581 (鋼聯) -> 成功補回 29 筆！
[01:22:14]   [第5輪 264/338] [OK] 6582 (申豐) -> 成功補回 44 筆！
[01:22:14]   [第5輪 265/338] [OK] 6585 (鼎基) -> 成功補回 92 筆！
[01:22:15]   [第5輪 266/338] [OK] 6669 (緯穎) -> 成功補回 811 筆！
[01:22:17]   [第5輪 267/338] [OK] 6670 (復盛應用) -> 成功補回 98 筆！
[01:22:22]   [第5輪 268/338] [待下輪補抓] 6706 (惠特) (原因: menu_http_error:403)
[01:22:22]   [第5輪 269/338] [待下輪補抓] 6715 (嘉基) (原因: menu_http_error:403)
[01:22:23]   [第5輪 270/338] [OK] 6722 (輝創) -> 成功補回 24 筆！
[01:22:23]   [第5輪 271/338] [OK] 6719 (力智) -> 成功補回 208 筆！
[01:22:26]   [第5輪 272/338] [OK] 6742 (澤米) -> 成功補回 249 筆！
[01:22:27]   [第5輪 273/338] [OK] 6743 (安普新) -> 成功補回 88 筆！
[01:22:31]   [第5輪 274/338] [待下輪補抓] 6796 (晉弘) (原因: post_missing_download_link)
[01:22:31]   [第5輪 275/338] [待下輪補抓] 6799 (來頡) (原因: post_missing_download_link)
[01:22:34]   [第5輪 276/338] [待下輪補抓] 6805 (富世達) (原因: menu_http_error:403)
[01:22:34]   [第5輪 277/338] [待下輪補抓] 6807 (峰源-KY) (原因: menu_http_error:403)
[01:22:38]   [第5輪 278/338] [待下輪補抓] 6838 (台新藥) (原因: menu_http_error:403)
[01:22:39]   [第5輪 279/338] [待下輪補抓] 6921 (嘉雨思-創) (原因: menu_http_error:403)
[01:22:41]   [第5輪 280/338] [待下輪補抓] 6854 (錼創科技-KY創) (原因: post_missing_download_link)
[01:22:43]   [第5輪 281/338] [待下輪補抓] 6923 (中台) (原因: post_missing_download_link)
[01:22:46]   [第5輪 282/338] [待下輪補抓] 6924 (榮惠-KY創) (原因: menu_http_error:403)
[01:22:47]   [第5輪 283/338] [待下輪補抓] 6928 (攸泰科技) (原因: menu_http_error:403)
[01:22:49]   [第5輪 284/338] [待下輪補抓] 6931 (青松健康) (原因: menu_http_error:403)
[01:22:50]   [第5輪 285/338] [待下輪補抓] 6947 (台鎔科技) (原因: menu_http_error:403)
[01:22:54]   [第5輪 286/338] [待下輪補抓] 6949 (沛爾生醫-創) (原因: menu_http_error:403)
[01:22:55]   [第5輪 287/338] [待下輪補抓] 6951 (青新-創) (原因: menu_http_error:403)
[01:22:56]   [第5輪 288/338] [待下輪補抓] 6952 (大武山) (原因: menu_http_error:403)
[01:22:58]   [第5輪 289/338] [待下輪補抓] 6955 (邦睿生技-創) (原因: menu_http_error:403)
[01:23:02]   [第5輪 290/338] [待下輪補抓] 6957 (裕慶-KY) (原因: post_missing_download_link)
[01:23:03]   [第5輪 291/338] [待下輪補抓] 6958 (日盛台駿) (原因: post_missing_download_link)
[01:23:04]   [第5輪 292/338] [待下輪補抓] 7823 (奧義賽博-KY創) (原因: menu_http_error:403)
[01:23:05]   [第5輪 293/338] [待下輪補抓] 7827 (漢康-KY創) (原因: menu_http_error:403)
[01:23:10]   [第5輪 294/338] [待下輪補抓] 7835 (永悅健康-創) (原因: menu_http_error:403)
[01:23:10]   [第5輪 295/338] [待下輪補抓] 7855 (和運租車) (原因: menu_http_error:403)
[01:23:11]   [第5輪 296/338] [待下輪補抓] 8011 (台通) (原因: menu_http_error:403)
[01:23:13]   [第5輪 297/338] [待下輪補抓] 8016 (矽創) (原因: post_missing_download_link)
[01:23:17]   [第5輪 298/338] [待下輪補抓] 8021 (尖點) (原因: menu_http_error:403)
[01:23:18]   [第5輪 299/338] [待下輪補抓] 8028 (昇陽半導體) (原因: menu_http_error:403)
[01:23:19]   [第5輪 300/338] [待下輪補抓] 8033 (雷虎) (原因: menu_http_error:403)
[01:23:20]   [第5輪 301/338] [待下輪補抓] 8039 (台虹) (原因: menu_http_error:403)
[01:23:25]   [第5輪 302/338] [待下輪補抓] 8045 (達運光電) (原因: menu_http_error:403)
[01:23:26]   [第5輪 303/338] [待下輪補抓] 8046 (南電) (原因: menu_http_error:403)
[01:23:27]   [第5輪 304/338] [待下輪補抓] 8249 (菱光) (原因: menu_http_error:403)
[01:23:28]   [第5輪 305/338] [待下輪補抓] 8271 (宇瞻) (原因: menu_http_error:403)
[01:23:32]   [第5輪 306/338] [待下輪補抓] 8341 (日友) (原因: menu_http_error:403)
[01:23:33]   [第5輪 307/338] [待下輪補抓] 8374 (羅昇) (原因: post_missing_download_link)
[01:23:34]   [第5輪 308/338] [待下輪補抓] 8438 (昶昕) (原因: captcha_validation_failed)
[01:23:35]   [第5輪 309/338] [OK] 8442 (威宏-KY) -> 成功補回 35 筆！
[01:23:36]   [第5輪 310/338] [OK] 8476 (台境*) -> 成功補回 47 筆！
[01:23:38]   [第5輪 311/338] [OK] 8473 (山林水) -> 成功補回 228 筆！
[01:23:39]   [第5輪 312/338] [OK] 8481 (政伸) -> 成功補回 6 筆！
[01:23:42]   [第5輪 313/338] [待下輪補抓] 8478 (東哥遊艇) (原因: menu_http_error:403)
[01:23:44]   [第5輪 314/338] [待下輪補抓] 8996 (高力) (原因: menu_http_error:403)
[01:23:45]   [第5輪 315/338] [OK] 8926 (台汽電) -> 成功補回 546 筆！
[01:23:46]   [第5輪 316/338] [OK] 8940 (新天地) -> 成功補回 39 筆！
[01:23:46]   [第5輪 317/338] [OK] 9103 (美德醫療-DR) -> 成功補回 83 筆！
[01:23:48]   [第5輪 318/338] [OK] 9136 (巨騰-DR) -> 成功補回 42 筆！
[01:23:49]   [第5輪 319/338] [OK] 912000 (晨訊科-DR) -> 成功補回 177 筆！
[01:23:50]   [第5輪 320/338] [OK] 9802 (鈺齊-KY) -> 成功補回 163 筆！
[01:23:53]   [第5輪 321/338] [待下輪補抓] 9902 (台火) (原因: menu_http_error:403)
[01:23:55]   [第5輪 322/338] [OK] 9905 (大華) -> 成功補回 47 筆！
[01:23:55]   [第5輪 323/338] [OK] 9907 (統一實) -> 成功補回 246 筆！
[01:23:56]   [第5輪 324/338] [OK] 9904 (寶成) -> 成功補回 510 筆！
[01:23:57]   [第5輪 325/338] [OK] 9906 (欣巴巴) -> 成功補回 48 筆！
[01:23:59]   [第5輪 326/338] [OK] 9910 (豐泰) -> 成功補回 298 筆！
[01:24:03]   [第5輪 327/338] [待下輪補抓] 9912 (偉聯) (原因: menu_http_error:403)
[01:24:04]   [第5輪 328/338] [待下輪補抓] 9908 (大台北) (原因: menu_http_error:403)
[01:24:05]   [第5輪 329/338] [待下輪補抓] 9911 (櫻花) (原因: post_missing_download_link)
[01:24:07]   [第5輪 330/338] [待下輪補抓] 9914 (美利達) (原因: post_http_error:403)
[01:24:11]   [第5輪 331/338] [待下輪補抓] 9919 (康那香) (原因: menu_http_error:403)
[01:24:12]   [第5輪 332/338] [待下輪補抓] 9917 (中保科) (原因: menu_http_error:403)
[01:24:12]   [第5輪 333/338] [待下輪補抓] 9918 (欣天然) (原因: menu_http_error:403)
[01:24:16]   [第5輪 334/338] [待下輪補抓] 9924 (福興) (原因: post_missing_download_link)
[01:24:19]   [第5輪 335/338] [待下輪補抓] 9921 (巨大) (原因: menu_http_error:403)
[01:24:20]   [第5輪 336/338] [待下輪補抓] 9925 (新保) (原因: menu_http_error:403)
[01:24:20]   [第5輪 337/338] [待下輪補抓] 9943 (好樂迪) (原因: menu_http_error:403)
[01:24:23]   [第5輪 338/338] [待下輪補抓] 9958 (世紀鋼) (原因: menu_http_error:403)
[01:24:23] [+] 第 5 輪補抓完成！成功救回 157/338 檔 (累計明確無資料: 0 檔 | 剩餘技術失敗: 181 檔)

--------------------------------------------------
[01:24:23] [*] 啟動第 6/10 輪精準安全補抓佇列 (待補抓: 181 檔)
[01:24:23] [*] 安全防護策略: 4-Workers 安全並行模式, 請求間隔 4.0s, 單檔 6 次重試
--------------------------------------------------
[01:24:34]   [第6輪 1/181] [OK] 00711B (復華彭博新興債) -> 成功補回 12 筆！
[01:24:34]   [第6輪 2/181] [OK] 00681R (元大美債20反1) -> 成功補回 3 筆！
[01:24:34]   [第6輪 3/181] [OK] 00680L (元大美債20正2) -> 成功補回 219 筆！
[01:24:34]   [第6輪 4/181] [OK] 00682U (期元大美元指數) -> 成功補回 2 筆！
[01:24:39]   [第6輪 5/181] [OK] 00922 (國泰台灣領袖50) -> 成功補回 508 筆！
[01:24:39]   [第6輪 6/181] [OK] 00712 (復華富時不動產) -> 成功補回 797 筆！
[01:24:42]   [第6輪 7/181] [待下輪補抓] 00875 (國泰網路資安) (原因: menu_http_error:403)
[01:24:43]   [第6輪 8/181] [待下輪補抓] 00921 (兆豐龍頭等權重) (原因: menu_http_error:403)
[01:24:44]   [第6輪 9/181] [OK] 00944 (野村趨勢動能高息) -> 成功補回 54 筆！
[01:24:45]   [第6輪 10/181] [OK] 009801 (中信美國創新科技) -> 成功補回 63 筆！
[01:24:47]   [第6輪 11/181] [OK] 00943 (兆豐電子高息等權) -> 成功補回 50 筆！
[01:24:48]   [第6輪 12/181] [OK] 00930 (永豐ESG低碳高息) -> 成功補回 259 筆！
[01:24:49]   [第6輪 13/181] [OK] 009802 (富邦旗艦50) -> 成功補回 341 筆！
[01:24:50]   [第6輪 14/181] [OK] 009803 (玉山市值動能50) -> 成功補回 485 筆！
[01:24:54]   [第6輪 15/181] [OK] 009804 (聯邦台精彩50) -> 成功補回 110 筆！
[01:24:55]   [第6輪 16/181] [OK] 009808 (華南永昌優選50) -> 成功補回 24 筆！
[01:24:56]   [第6輪 17/181] [OK] 009805 (台新美國電力基建) -> 成功補回 555 筆！
[01:24:56]   [第6輪 18/181] [OK] 00981T (平衡凱基雙核收息) -> 成功補回 202 筆！
[01:25:03]   [第6輪 19/181] [待下輪補抓] 00980A (主動野村臺灣優選) (原因: menu_http_error:403)
[01:25:04]   [第6輪 20/181] [待下輪補抓] 009809 (富邦淨零ESG50) (原因: menu_http_error:403)
[01:25:04]   [第6輪 21/181] [OK] 009821 (野村稀土關鍵資源) -> 成功補回 487 筆！
[01:25:05]   [第6輪 22/181] [OK] 009820 (元大納斯達克精選) -> 成功補回 162 筆！
[01:25:08]   [第6輪 23/181] [OK] 00983D (主動富邦複合收益) -> 成功補回 79 筆！
[01:25:09]   [第6輪 24/181] [OK] 1235 (興泰) -> 成功補回 21 筆！
[01:25:09]   [第6輪 25/181] [OK] 1256 (鮮活果汁-KY) -> 成功補回 74 筆！
[01:25:13]   [第6輪 26/181] [待下輪補抓] 1467 (南緯) (原因: menu_http_error:403)
[01:25:15]   [第6輪 27/181] [OK] 1529 (樂事綠能) -> 成功補回 555 筆！
[01:25:15]   [第6輪 28/181] [OK] 1470 (大統新創) -> 成功補回 14 筆！
[01:25:15]   [第6輪 29/181] [OK] 1463 (強盛新) -> 成功補回 37 筆！
[01:25:18]   [第6輪 30/181] [OK] 1537 (廣隆) -> 成功補回 68 筆！
[01:25:23]   [第6輪 31/181] [待下輪補抓] 1538 (正峰) (原因: menu_http_error:403)
[01:25:23]   [第6輪 32/181] [待下輪補抓] 1540 (喬福) (原因: menu_http_error:403)
[01:25:24]   [第6輪 33/181] [待下輪補抓] 1539 (巨庭) (原因: menu_http_error:403)
[01:25:27]   [第6輪 34/181] [待下輪補抓] 1541 (錩泰) (原因: post_missing_download_link)
[01:25:28]   [第6輪 35/181] [OK] 1560 (中砂) -> 成功補回 450 筆！
[01:25:29]   [第6輪 36/181] [OK] 1558 (伸興) -> 成功補回 95 筆！
[01:25:32]   [第6輪 37/181] [待下輪補抓] 1563 (巧新) (原因: menu_http_error:403)
[01:25:35]   [第6輪 38/181] [待下輪補抓] 1568 (倉佑) (原因: post_http_error:403)
[01:25:37]   [第6輪 39/181] [待下輪補抓] 1582 (信錦) (原因: menu_http_error:403)
[01:25:37]   [第6輪 40/181] [待下輪補抓] 1583 (程泰) (原因: menu_http_error:403)
[01:25:40]   [第6輪 41/181] [待下輪補抓] 1587 (吉茂) (原因: menu_http_error:403)
[01:25:44]   [第6輪 42/181] [待下輪補抓] 1590 (亞德客-KY) (原因: menu_http_error:403)
[01:25:45]   [第6輪 43/181] [待下輪補抓] 1597 (直得) (原因: post_missing_download_link)
[01:25:46]   [第6輪 44/181] [待下輪補抓] 1598 (岱宇) (原因: post_missing_download_link)
[01:25:48]   [第6輪 45/181] [待下輪補抓] 1603 (華電) (原因: menu_http_error:403)
[01:25:52]   [第6輪 46/181] [待下輪補抓] 1604 (聲寶) (原因: menu_http_error:403)
[01:25:54]   [第6輪 47/181] [待下輪補抓] 1605 (華新) (原因: menu_http_error:403)
[01:25:54]   [第6輪 48/181] [待下輪補抓] 1608 (華榮) (原因: post_missing_download_link)
[01:25:56]   [第6輪 49/181] [待下輪補抓] 1904 (正隆) (原因: post_missing_download_link)
[01:26:00]   [第6輪 50/181] [待下輪補抓] 1789 (神隆) (原因: menu_http_error:403)
[01:26:02]   [第6輪 51/181] [待下輪補抓] 1786 (科妍) (原因: menu_http_error:403)
[01:26:03]   [第6輪 52/181] [待下輪補抓] 2029 (盛餘) (原因: menu_http_error:403)
[01:26:05]   [第6輪 53/181] [待下輪補抓] 2033 (佳大) (原因: post_missing_download_link)
[01:26:08]   [第6輪 54/181] [待下輪補抓] 2114 (鑫永銓) (原因: menu_http_error:403)
[01:26:10]   [第6輪 55/181] [待下輪補抓] 2115 (六暉-KY) (原因: menu_http_error:403)
[01:26:11]   [第6輪 56/181] [待下輪補抓] 2204 (中華) (原因: menu_http_error:403)
[01:26:13]   [第6輪 57/181] [待下輪補抓] 2206 (三陽工業) (原因: menu_http_error:403)
[01:26:18]   [第6輪 58/181] [待下輪補抓] 2201 (裕隆) (原因: menu_http_error:403)
[01:26:19]   [第6輪 59/181] [待下輪補抓] 2207 (和泰車) (原因: menu_http_error:403)
[01:26:20]   [第6輪 60/181] [待下輪補抓] 2355 (敬鵬) (原因: menu_http_error:403)
[01:26:21]   [第6輪 61/181] [待下輪補抓] 2363 (矽統) (原因: menu_http_error:403)
[01:26:26]   [第6輪 62/181] [待下輪補抓] 2364 (倫飛) (原因: post_missing_download_link)
[01:26:27]   [第6輪 63/181] [待下輪補抓] 2376 (技嘉) (原因: menu_http_error:403)
[01:26:28]   [第6輪 64/181] [待下輪補抓] 2413 (環科) (原因: menu_http_error:403)
[01:26:30]   [第6輪 65/181] [待下輪補抓] 2414 (精技) (原因: menu_http_error:403)
[01:26:35]   [第6輪 66/181] [待下輪補抓] 2425 (承啟) (原因: menu_http_error:403)
[01:26:35]   [第6輪 67/181] [待下輪補抓] 2439 (美律) (原因: post_missing_download_link)
[01:26:37]   [第6輪 68/181] [待下輪補抓] 2444 (兆勁) (原因: post_missing_download_link)
[01:26:38]   [第6輪 69/181] [待下輪補抓] 2450 (神腦) (原因: post_http_error:403)
[01:26:43]   [第6輪 70/181] [待下輪補抓] 2483 (百容) (原因: menu_http_error:403)
[01:26:44]   [第6輪 71/181] [待下輪補抓] 2481 (強茂) (原因: menu_http_error:403)
[01:26:45]   [第6輪 72/181] [待下輪補抓] 2482 (連宇) (原因: menu_http_error:403)
[01:26:48]   [第6輪 73/181] [待下輪補抓] 2489 (瑞軒) (原因: post_missing_download_link)
[01:26:51]   [第6輪 74/181] [待下輪補抓] 2542 (興富發) (原因: menu_http_error:403)
[01:26:52]   [第6輪 75/181] [待下輪補抓] 2601 (益航) (原因: menu_http_error:403)
[01:26:52]   [第6輪 76/181] [OK] 2597 (潤弘) -> 成功補回 79 筆！
[01:26:56]   [第6輪 77/181] [OK] 2753 (八方雲集) -> 成功補回 99 筆！
[01:26:56]   [第6輪 78/181] [OK] 2762 (世界健身-KY) -> 成功補回 60 筆！
[01:27:01]   [第6輪 79/181] [待下輪補抓] 2883B (凱基金乙特) (原因: menu_http_error:403)
[01:27:01]   [第6輪 80/181] [待下輪補抓] 2801 (彰銀) (原因: menu_http_error:403)
[01:27:03]   [第6輪 81/181] [OK] 2884 (玉山金) -> 成功補回 746 筆！
[01:27:03]   [第6輪 82/181] [OK] 2883 (凱基金) -> 成功補回 774 筆！
[01:27:06]   [第6輪 83/181] [OK] 3040 (遠見) -> 成功補回 138 筆！
[01:27:10]   [第6輪 84/181] [待下輪補抓] 2887F (台新新光戊特二) (原因: menu_http_error:403)
[01:27:12]   [第6輪 85/181] [待下輪補抓] 3042 (晶技) (原因: menu_http_error:403)
[01:27:12]   [第6輪 86/181] [待下輪補抓] 3028 (增你強) (原因: menu_http_error:403)
[01:27:14]   [第6輪 87/181] [OK] 3041 (揚智) -> 成功補回 150 筆！
[01:27:15]   [第6輪 88/181] [OK] 3043 (科風) -> 成功補回 46 筆！
[01:27:17]   [第6輪 89/181] [OK] 3051 (力特) -> 成功補回 142 筆！
[01:27:17]   [第6輪 90/181] [OK] 3052 (夆典) -> 成功補回 60 筆！
[01:27:22]   [第6輪 91/181] [待下輪補抓] 3054 (立萬利) (原因: post_missing_download_link)
[01:27:23]   [第6輪 92/181] [待下輪補抓] 3055 (蔚華科) (原因: post_missing_download_link)
[01:27:26]   [第6輪 93/181] [待下輪補抓] 3090 (日電貿) (原因: menu_http_error:403)
[01:27:26]   [第6輪 94/181] [待下輪補抓] 3135 (凌航) (原因: menu_http_error:403)
[01:27:30]   [第6輪 95/181] [待下輪補抓] 3130 (一零四) (原因: menu_http_error:403)
[01:27:31]   [第6輪 96/181] [待下輪補抓] 3138 (耀登) (原因: menu_http_error:403)
[01:27:34]   [第6輪 97/181] [待下輪補抓] 3149 (正達) (原因: post_missing_download_link)
[01:27:34]   [第6輪 98/181] [待下輪補抓] 3447 (展達) (原因: post_missing_download_link)
[01:27:39]   [第6輪 99/181] [待下輪補抓] 3450 (聯鈞) (原因: menu_http_error:403)
[01:27:40]   [第6輪 100/181] [待下輪補抓] 3518 (柏騰) (原因: menu_http_error:403)
[01:27:42]   [第6輪 101/181] [待下輪補抓] 3701 (大眾控) (原因: menu_http_error:403)
[01:27:42]   [第6輪 102/181] [待下輪補抓] 4133 (亞諾法) (原因: menu_http_error:403)
[01:27:47]   [第6輪 103/181] [待下輪補抓] 4142 (國光生) (原因: menu_http_error:403)
[01:27:48]   [第6輪 104/181] [待下輪補抓] 4178 (永笙-KY) (原因: menu_http_error:403)
[01:27:51]   [第6輪 105/181] [待下輪補抓] 4306 (炎洲) (原因: menu_http_error:403)
[01:27:51]   [第6輪 106/181] [待下輪補抓] 4195 (基米-創) (原因: menu_http_error:403)
[01:27:52]   [第6輪 107/181] [OK] 4414 (如興) -> 成功補回 50 筆！
[01:27:53]   [第6輪 108/181] [OK] 4426 (利勤) -> 成功補回 26 筆！
[01:27:56]   [第6輪 109/181] [OK] 4569 (六方科-KY) -> 成功補回 35 筆！
[01:27:56]   [第6輪 110/181] [OK] 4572 (駐龍) -> 成功補回 19 筆！
[01:27:57]   [第6輪 111/181] [OK] 4576 (大銀微系統) -> 成功補回 523 筆！
[01:27:58]   [第6輪 112/181] [OK] 4581 (光隆精密-KY) -> 成功補回 8 筆！
[01:28:02]   [第6輪 113/181] [OK] 5283 (禾聯碩) -> 成功補回 46 筆！
[01:28:02]   [第6輪 114/181] [OK] 5258 (虹堡) -> 成功補回 84 筆！
[01:28:03]   [第6輪 115/181] [OK] 5269 (祥碩) -> 成功補回 669 筆！
[01:28:03]   [第6輪 116/181] [OK] 5469 (瀚宇博) -> 成功補回 420 筆！
[01:28:07]   [第6輪 117/181] [OK] 5538 (東明-KY) -> 成功補回 28 筆！
[01:28:07]   [第6輪 118/181] [OK] 5546 (永固-KY) -> 成功補回 10 筆！
[01:28:11]   [第6輪 119/181] [待下輪補抓] 5534 (長虹) (原因: menu_http_error:403)
[01:28:11]   [第6輪 120/181] [待下輪補抓] 5706 (鳳凰) (原因: menu_http_error:403)
[01:28:13]   [第6輪 121/181] [OK] 5871A (中租-KY甲特) -> 成功補回 50 筆！
[01:28:14]   [第6輪 122/181] [OK] 5871 (中租-KY) -> 成功補回 401 筆！
[01:28:16]   [第6輪 123/181] [OK] 5876 (上海商銀) -> 成功補回 379 筆！
[01:28:17]   [第6輪 124/181] [OK] 6108 (競國) -> 成功補回 303 筆！
[01:28:22]   [第6輪 125/181] [待下輪補抓] 6112 (邁達特) (原因: menu_http_error:403)
[01:28:22]   [第6輪 126/181] [待下輪補抓] 6153 (嘉聯益) (原因: post_missing_download_link)
[01:28:24]   [第6輪 127/181] [待下輪補抓] 6558 (興能高) (原因: menu_http_error:403)
[01:28:25]   [第6輪 128/181] [待下輪補抓] 6573 (虹揚-KY) (原因: menu_http_error:403)
[01:28:31]   [第6輪 129/181] [待下輪補抓] 6706 (惠特) (原因: menu_http_error:403)
[01:28:31]   [第6輪 130/181] [待下輪補抓] 6579 (研揚) (原因: menu_http_error:403)
[01:28:33]   [第6輪 131/181] [待下輪補抓] 6796 (晉弘) (原因: post_missing_download_link)
[01:28:34]   [第6輪 132/181] [待下輪補抓] 6715 (嘉基) (原因: post_missing_download_link)
[01:28:39]   [第6輪 133/181] [待下輪補抓] 6799 (來頡) (原因: menu_http_error:403)
[01:28:39]   [第6輪 134/181] [待下輪補抓] 6805 (富世達) (原因: menu_http_error:403)
[01:28:41]   [第6輪 135/181] [待下輪補抓] 6807 (峰源-KY) (原因: menu_http_error:403)
[01:28:43]   [第6輪 136/181] [待下輪補抓] 6838 (台新藥) (原因: post_missing_download_link)
[01:28:47]   [第6輪 137/181] [待下輪補抓] 6921 (嘉雨思-創) (原因: menu_http_error:403)
[01:28:48]   [第6輪 138/181] [待下輪補抓] 6854 (錼創科技-KY創) (原因: menu_http_error:403)
[01:28:50]   [第6輪 139/181] [待下輪補抓] 6923 (中台) (原因: menu_http_error:403)
[01:28:51]   [第6輪 140/181] [待下輪補抓] 6924 (榮惠-KY創) (原因: menu_http_error:403)
[01:28:56]   [第6輪 141/181] [待下輪補抓] 6931 (青松健康) (原因: menu_http_error:403)
[01:28:57]   [第6輪 142/181] [待下輪補抓] 6928 (攸泰科技) (原因: menu_http_error:403)
[01:28:58]   [第6輪 143/181] [待下輪補抓] 6947 (台鎔科技) (原因: menu_http_error:403)
[01:28:59]   [第6輪 144/181] [待下輪補抓] 6949 (沛爾生醫-創) (原因: menu_http_error:403)
[01:29:05]   [第6輪 145/181] [待下輪補抓] 6951 (青新-創) (原因: menu_http_error:403)
[01:29:05]   [第6輪 146/181] [待下輪補抓] 6952 (大武山) (原因: menu_http_error:403)
[01:29:06]   [第6輪 147/181] [待下輪補抓] 6955 (邦睿生技-創) (原因: menu_http_error:403)
[01:29:07]   [第6輪 148/181] [待下輪補抓] 6957 (裕慶-KY) (原因: menu_http_error:403)
[01:29:13]   [第6輪 149/181] [待下輪補抓] 6958 (日盛台駿) (原因: menu_http_error:403)
[01:29:14]   [第6輪 150/181] [待下輪補抓] 7823 (奧義賽博-KY創) (原因: post_missing_download_link)
[01:29:15]   [第6輪 151/181] [待下輪補抓] 7827 (漢康-KY創) (原因: post_missing_download_link)
[01:29:16]   [第6輪 152/181] [待下輪補抓] 7835 (永悅健康-創) (原因: post_http_error:403)
[01:29:21]   [第6輪 153/181] [待下輪補抓] 7855 (和運租車) (原因: menu_http_error:403)
[01:29:22]   [第6輪 154/181] [待下輪補抓] 8011 (台通) (原因: menu_http_error:403)
[01:29:24]   [第6輪 155/181] [待下輪補抓] 8016 (矽創) (原因: post_missing_download_link)
[01:29:24]   [第6輪 156/181] [待下輪補抓] 8021 (尖點) (原因: post_missing_download_link)
[01:29:29]   [第6輪 157/181] [OK] 8045 (達運光電) -> 成功補回 268 筆！
[01:29:29]   [第6輪 158/181] [OK] 8039 (台虹) -> 成功補回 779 筆！
[01:29:29]   [第6輪 159/181] [OK] 8033 (雷虎) -> 成功補回 576 筆！
[01:29:30]   [第6輪 160/181] [OK] 8028 (昇陽半導體) -> 成功補回 625 筆！
[01:29:34]   [第6輪 161/181] [OK] 8249 (菱光) -> 成功補回 79 筆！
[01:29:37]   [第6輪 162/181] [待下輪補抓] 8046 (南電) (原因: menu_http_error:403)
[01:29:38]   [第6輪 163/181] [待下輪補抓] 8271 (宇瞻) (原因: menu_http_error:403)
[01:29:38]   [第6輪 164/181] [待下輪補抓] 8341 (日友) (原因: menu_http_error:403)
[01:29:40]   [第6輪 165/181] [OK] 8374 (羅昇) -> 成功補回 111 筆！
[01:29:43]   [第6輪 166/181] [OK] 8438 (昶昕) -> 成功補回 51 筆！
[01:29:43]   [第6輪 167/181] [OK] 8478 (東哥遊艇) -> 成功補回 65 筆！
[01:29:43]   [第6輪 168/181] [OK] 8996 (高力) -> 成功補回 627 筆！
[01:29:45]   [第6輪 169/181] [OK] 9902 (台火) -> 成功補回 54 筆！
[01:29:49]   [第6輪 170/181] [OK] 9908 (大台北) -> 成功補回 53 筆！
[01:29:50]   [第6輪 171/181] [OK] 9912 (偉聯) -> 成功補回 55 筆！
[01:29:50]   [第6輪 172/181] [OK] 9914 (美利達) -> 成功補回 289 筆！
[01:29:50]   [第6輪 173/181] [OK] 9911 (櫻花) -> 成功補回 152 筆！
[01:29:54]   [第6輪 174/181] [OK] 9919 (康那香) -> 成功補回 80 筆！
[01:29:58]   [第6輪 175/181] [待下輪補抓] 9918 (欣天然) (原因: menu_http_error:403)
[01:29:59]   [第6輪 176/181] [待下輪補抓] 9917 (中保科) (原因: post_missing_download_link)
[01:29:59]   [第6輪 177/181] [待下輪補抓] 9924 (福興) (原因: post_missing_download_link)
[01:30:03]   [第6輪 178/181] [待下輪補抓] 9921 (巨大) (原因: menu_http_error:403)
[01:30:06]   [第6輪 179/181] [待下輪補抓] 9925 (新保) (原因: menu_http_error:403)
[01:30:07]   [第6輪 180/181] [待下輪補抓] 9943 (好樂迪) (原因: menu_http_error:403)
[01:30:08]   [第6輪 181/181] [待下輪補抓] 9958 (世紀鋼) (原因: menu_http_error:403)
[01:30:08] [+] 第 6 輪補抓完成！成功救回 68/181 檔 (累計明確無資料: 0 檔 | 剩餘技術失敗: 113 檔)

--------------------------------------------------
[01:30:08] [*] 啟動第 7/10 輪精準安全補抓佇列 (待補抓: 113 檔)
[01:30:08] [*] 安全防護策略: 4-Workers 安全並行模式, 請求間隔 4.8s, 單檔 6 次重試
--------------------------------------------------
[01:30:19]   [第7輪 1/113] [待下輪補抓] 00980A (主動野村臺灣優選) (原因: menu_http_error:403)
[01:30:19]   [第7輪 2/113] [待下輪補抓] 00875 (國泰網路資安) (原因: menu_http_error:403)
[01:30:19]   [第7輪 3/113] [待下輪補抓] 009809 (富邦淨零ESG50) (原因: menu_http_error:403)
[01:30:19]   [第7輪 4/113] [待下輪補抓] 00921 (兆豐龍頭等權重) (原因: menu_http_error:403)
[01:30:28]   [第7輪 5/113] [待下輪補抓] 1467 (南緯) (原因: menu_http_error:403)
[01:30:28]   [第7輪 6/113] [待下輪補抓] 1538 (正峰) (原因: menu_http_error:403)
[01:30:28]   [第7輪 7/113] [待下輪補抓] 1540 (喬福) (原因: menu_http_error:403)
[01:30:28]   [第7輪 8/113] [待下輪補抓] 1539 (巨庭) (原因: menu_http_error:403)
[01:30:37]   [第7輪 9/113] [待下輪補抓] 1541 (錩泰) (原因: post_missing_download_link)
[01:30:37]   [第7輪 10/113] [待下輪補抓] 1568 (倉佑) (原因: menu_http_error:403)
[01:30:38]   [第7輪 11/113] [待下輪補抓] 1582 (信錦) (原因: menu_http_error:403)
[01:30:38]   [第7輪 12/113] [待下輪補抓] 1563 (巧新) (原因: menu_http_error:403)
[01:30:46]   [第7輪 13/113] [待下輪補抓] 1583 (程泰) (原因: post_missing_download_link)
[01:30:46]   [第7輪 14/113] [待下輪補抓] 1587 (吉茂) (原因: post_missing_download_link)
[01:30:47]   [第7輪 15/113] [待下輪補抓] 1590 (亞德客-KY) (原因: post_missing_download_link)
[01:30:47]   [第7輪 16/113] [待下輪補抓] 1597 (直得) (原因: post_missing_download_link)
[01:30:55]   [第7輪 17/113] [待下輪補抓] 1598 (岱宇) (原因: menu_http_error:403)
[01:30:56]   [第7輪 18/113] [待下輪補抓] 1603 (華電) (原因: menu_http_error:403)
[01:30:56]   [第7輪 19/113] [待下輪補抓] 1604 (聲寶) (原因: post_missing_download_link)
[01:30:56]   [第7輪 20/113] [待下輪補抓] 1605 (華新) (原因: post_missing_download_link)
[01:31:04]   [第7輪 21/113] [待下輪補抓] 1608 (華榮) (原因: menu_http_error:403)
[01:31:06]   [第7輪 22/113] [待下輪補抓] 1786 (科妍) (原因: captcha_validation_failed)
[01:31:06]   [第7輪 23/113] [OK] 1904 (正隆) -> 成功補回 223 筆！
[01:31:06]   [第7輪 24/113] [OK] 1789 (神隆) -> 成功補回 69 筆！
[01:31:10]   [第7輪 25/113] [OK] 2029 (盛餘) -> 成功補回 66 筆！
[01:31:11]   [第7輪 26/113] [OK] 2033 (佳大) -> 成功補回 273 筆！
[01:31:12]   [第7輪 27/113] [OK] 2114 (鑫永銓) -> 成功補回 32 筆！
[01:31:12]   [第7輪 28/113] [OK] 2115 (六暉-KY) -> 成功補回 34 筆！
[01:31:17]   [第7輪 29/113] [OK] 2207 (和泰車) -> 成功補回 256 筆！
[01:31:18]   [第7輪 30/113] [OK] 2201 (裕隆) -> 成功補回 389 筆！
[01:31:19]   [第7輪 31/113] [待下輪補抓] 2204 (中華) (原因: menu_http_error:403)
[01:31:21]   [第7輪 32/113] [待下輪補抓] 2206 (三陽工業) (原因: menu_http_error:403)
[01:31:27]   [第7輪 33/113] [OK] 2355 (敬鵬) -> 成功補回 326 筆！
[01:31:27]   [第7輪 34/113] [OK] 2363 (矽統) -> 成功補回 567 筆！
[01:31:30]   [第7輪 35/113] [待下輪補抓] 2364 (倫飛) (原因: menu_http_error:403)
[01:31:30]   [第7輪 36/113] [待下輪補抓] 2376 (技嘉) (原因: menu_http_error:403)
[01:31:36]   [第7輪 37/113] [待下輪補抓] 2413 (環科) (原因: post_missing_download_link)
[01:31:36]   [第7輪 38/113] [待下輪補抓] 2414 (精技) (原因: post_http_error:403)
[01:31:39]   [第7輪 39/113] [待下輪補抓] 2425 (承啟) (原因: menu_http_error:403)
[01:31:39]   [第7輪 40/113] [待下輪補抓] 2439 (美律) (原因: menu_http_error:403)
[01:31:45]   [第7輪 41/113] [待下輪補抓] 2444 (兆勁) (原因: post_missing_download_link)
[01:31:45]   [第7輪 42/113] [待下輪補抓] 2450 (神腦) (原因: post_missing_download_link)
[01:31:48]   [第7輪 43/113] [待下輪補抓] 2483 (百容) (原因: menu_http_error:403)
[01:31:48]   [第7輪 44/113] [待下輪補抓] 2481 (強茂) (原因: menu_http_error:403)
[01:31:54]   [第7輪 45/113] [待下輪補抓] 2482 (連宇) (原因: menu_http_error:403)
[01:31:55]   [第7輪 46/113] [待下輪補抓] 2489 (瑞軒) (原因: menu_http_error:403)
[01:31:58]   [第7輪 47/113] [待下輪補抓] 2542 (興富發) (原因: post_missing_download_link)
[01:31:58]   [第7輪 48/113] [待下輪補抓] 2601 (益航) (原因: post_http_error:403)
[01:32:03]   [第7輪 49/113] [待下輪補抓] 2883B (凱基金乙特) (原因: menu_http_error:403)
[01:32:03]   [第7輪 50/113] [待下輪補抓] 2801 (彰銀) (原因: menu_http_error:403)
[01:32:07]   [第7輪 51/113] [待下輪補抓] 3042 (晶技) (原因: post_missing_download_link)
[01:32:07]   [第7輪 52/113] [待下輪補抓] 2887F (台新新光戊特二) (原因: post_missing_download_link)
[01:32:12]   [第7輪 53/113] [待下輪補抓] 3028 (增你強) (原因: menu_http_error:403)
[01:32:12]   [第7輪 54/113] [待下輪補抓] 3054 (立萬利) (原因: menu_http_error:403)
[01:32:14]   [第7輪 55/113] [OK] 3090 (日電貿) -> 成功補回 549 筆！
[01:32:15]   [第7輪 56/113] [OK] 3055 (蔚華科) -> 成功補回 583 筆！
[01:32:18]   [第7輪 57/113] [OK] 3130 (一零四) -> 成功補回 65 筆！
[01:32:19]   [第7輪 58/113] [OK] 3135 (凌航) -> 成功補回 329 筆！
[01:32:23]   [第7輪 59/113] [待下輪補抓] 3138 (耀登) (原因: menu_http_error:403)
[01:32:25]   [第7輪 60/113] [待下輪補抓] 3149 (正達) (原因: captcha_validation_failed)
[01:32:25]   [第7輪 61/113] [OK] 3447 (展達) -> 成功補回 54 筆！
[01:32:25]   [第7輪 62/113] [OK] 3450 (聯鈞) -> 成功補回 784 筆！
[01:32:30]   [第7輪 63/113] [OK] 3701 (大眾控) -> 成功補回 183 筆！
[01:32:33]   [第7輪 64/113] [待下輪補抓] 3518 (柏騰) (原因: menu_http_error:403)
[01:32:34]   [第7輪 65/113] [待下輪補抓] 4133 (亞諾法) (原因: menu_http_error:403)
[01:32:35]   [第7輪 66/113] [OK] 4142 (國光生) -> 成功補回 131 筆！
[01:32:36]   [第7輪 67/113] [OK] 4178 (永笙-KY) -> 成功補回 46 筆！
[01:32:39]   [第7輪 68/113] [OK] 4306 (炎洲) -> 成功補回 123 筆！
[01:32:40]   [第7輪 69/113] [OK] 4195 (基米-創) -> 成功補回 71 筆！
[01:32:44]   [第7輪 70/113] [待下輪補抓] 5706 (鳳凰) (原因: http_exception:ConnectionError)
[01:32:45]   [第7輪 71/113] [待下輪補抓] 5534 (長虹) (原因: post_missing_download_link)
[01:32:48]   [第7輪 72/113] [OK] 6112 (邁達特) -> 成功補回 687 筆！
[01:32:48]   [第7輪 73/113] [OK] 6153 (嘉聯益) -> 成功補回 224 筆！
[01:32:50]   [第7輪 74/113] [OK] 6558 (興能高) -> 成功補回 58 筆！
[01:32:50]   [第7輪 75/113] [OK] 6573 (虹揚-KY) -> 成功補回 76 筆！
[01:32:53]   [第7輪 76/113] [OK] 6579 (研揚) -> 成功補回 105 筆！
[01:32:54]   [第7輪 77/113] [OK] 6706 (惠特) -> 成功補回 754 筆！
[01:32:58]   [第7輪 78/113] [OK] 6715 (嘉基) -> 成功補回 624 筆！
[01:32:58]   [第7輪 79/113] [OK] 6796 (晉弘) -> 成功補回 43 筆！
[01:32:59]   [第7輪 80/113] [OK] 6799 (來頡) -> 成功補回 67 筆！
[01:33:00]   [第7輪 81/113] [OK] 6805 (富世達) -> 成功補回 487 筆！
[01:33:04]   [第7輪 82/113] [OK] 6838 (台新藥) -> 成功補回 53 筆！
[01:33:07]   [第7輪 83/113] [待下輪補抓] 6807 (峰源-KY) (原因: menu_http_error:403)
[01:33:08]   [第7輪 84/113] [OK] 6854 (錼創科技-KY創) -> 成功補回 70 筆！
[01:33:08]   [第7輪 85/113] [待下輪補抓] 6921 (嘉雨思-創) (原因: captcha_validation_failed)
[01:33:11]   [第7輪 86/113] [OK] 6923 (中台) -> 成功補回 32 筆！
[01:33:12]   [第7輪 87/113] [OK] 6924 (榮惠-KY創) -> 成功補回 39 筆！
[01:33:16]   [第7輪 88/113] [待下輪補抓] 6931 (青松健康) (原因: menu_http_error:403)
[01:33:18]   [第7輪 89/113] [待下輪補抓] 6928 (攸泰科技) (原因: post_missing_download_link)
[01:33:20]   [第7輪 90/113] [待下輪補抓] 6947 (台鎔科技) (原因: menu_http_error:403)
[01:33:21]   [第7輪 91/113] [待下輪補抓] 6949 (沛爾生醫-創) (原因: menu_http_error:403)
[01:33:25]   [第7輪 92/113] [待下輪補抓] 6951 (青新-創) (原因: menu_http_error:403)
[01:33:27]   [第7輪 93/113] [待下輪補抓] 6952 (大武山) (原因: menu_http_error:403)
[01:33:29]   [第7輪 94/113] [待下輪補抓] 6955 (邦睿生技-創) (原因: post_missing_download_link)
[01:33:31]   [第7輪 95/113] [待下輪補抓] 6957 (裕慶-KY) (原因: menu_http_error:403)
[01:33:35]   [第7輪 96/113] [待下輪補抓] 6958 (日盛台駿) (原因: menu_http_error:403)
[01:33:36]   [第7輪 97/113] [待下輪補抓] 7823 (奧義賽博-KY創) (原因: menu_http_error:403)
[01:33:38]   [第7輪 98/113] [待下輪補抓] 7827 (漢康-KY創) (原因: post_missing_download_link)
[01:33:40]   [第7輪 99/113] [待下輪補抓] 7835 (永悅健康-創) (原因: post_missing_download_link)
[01:33:44]   [第7輪 100/113] [待下輪補抓] 7855 (和運租車) (原因: menu_http_error:403)
[01:33:44]   [第7輪 101/113] [待下輪補抓] 8011 (台通) (原因: menu_http_error:403)
[01:33:47]   [第7輪 102/113] [待下輪補抓] 8016 (矽創) (原因: menu_http_error:403)
[01:33:49]   [第7輪 103/113] [待下輪補抓] 8021 (尖點) (原因: post_missing_download_link)
[01:33:53]   [第7輪 104/113] [待下輪補抓] 8046 (南電) (原因: menu_http_error:403)
[01:33:53]   [第7輪 105/113] [待下輪補抓] 8271 (宇瞻) (原因: menu_http_error:403)
[01:33:56]   [第7輪 106/113] [待下輪補抓] 8341 (日友) (原因: menu_http_error:403)
[01:33:58]   [第7輪 107/113] [待下輪補抓] 9918 (欣天然) (原因: menu_http_error:403)
[01:34:02]   [第7輪 108/113] [待下輪補抓] 9917 (中保科) (原因: menu_http_error:403)
[01:34:02]   [第7輪 109/113] [待下輪補抓] 9924 (福興) (原因: menu_http_error:403)
[01:34:05]   [第7輪 110/113] [待下輪補抓] 9921 (巨大) (原因: menu_http_error:403)
[01:34:07]   [第7輪 111/113] [待下輪補抓] 9925 (新保) (原因: menu_http_error:403)
[01:34:11]   [第7輪 112/113] [待下輪補抓] 9943 (好樂迪) (原因: post_missing_download_link)
[01:34:11]   [第7輪 113/113] [待下輪補抓] 9958 (世紀鋼) (原因: post_http_error:403)
[01:34:11] [+] 第 7 輪補抓完成！成功救回 35/113 檔 (累計明確無資料: 0 檔 | 剩餘技術失敗: 78 檔)

--------------------------------------------------
[01:34:11] [*] 啟動第 8/10 輪精準安全補抓佇列 (待補抓: 78 檔)
[01:34:11] [*] 安全防護策略: 4-Workers 安全並行模式, 請求間隔 4.8s, 單檔 6 次重試
--------------------------------------------------
[01:34:19]   [第8輪 1/78] [OK] 00921 (兆豐龍頭等權重) -> 成功補回 197 筆！
[01:34:19]   [第8輪 2/78] [OK] 009809 (富邦淨零ESG50) -> 成功補回 27 筆！
[01:34:19]   [第8輪 3/78] [OK] 00980A (主動野村臺灣優選) -> 成功補回 409 筆！
[01:34:20]   [第8輪 4/78] [OK] 00875 (國泰網路資安) -> 成功補回 446 筆！
[01:34:25]   [第8輪 5/78] [OK] 1540 (喬福) -> 成功補回 64 筆！
[01:34:25]   [第8輪 6/78] [OK] 1538 (正峰) -> 成功補回 3 筆！
[01:34:29]   [第8輪 7/78] [待下輪補抓] 1539 (巨庭) (原因: captcha_validation_failed)
[01:34:30]   [第8輪 8/78] [OK] 1467 (南緯) -> 成功補回 49 筆！
[01:34:31]   [第8輪 9/78] [OK] 1568 (倉佑) -> 成功補回 119 筆！
[01:34:34]   [第8輪 10/78] [待下輪補抓] 1541 (錩泰) (原因: captcha_validation_failed)
[01:34:38]   [第8輪 11/78] [待下輪補抓] 1582 (信錦) (原因: menu_http_error:403)
[01:34:39]   [第8輪 12/78] [待下輪補抓] 1563 (巧新) (原因: menu_http_error:403)
[01:34:40]   [第8輪 13/78] [OK] 1583 (程泰) -> 成功補回 19 筆！
[01:34:42]   [第8輪 14/78] [OK] 1587 (吉茂) -> 成功補回 48 筆！
[01:34:44]   [第8輪 15/78] [OK] 1590 (亞德客-KY) -> 成功補回 419 筆！
[01:34:45]   [第8輪 16/78] [OK] 1597 (直得) -> 成功補回 371 筆！
[01:34:46]   [第8輪 17/78] [OK] 1598 (岱宇) -> 成功補回 36 筆！
[01:34:51]   [第8輪 18/78] [待下輪補抓] 1603 (華電) (原因: captcha_http_error:403)
[01:34:53]   [第8輪 19/78] [待下輪補抓] 1604 (聲寶) (原因: menu_http_error:403)
[01:34:54]   [第8輪 20/78] [待下輪補抓] 1605 (華新) (原因: menu_http_error:403)
[01:34:55]   [第8輪 21/78] [待下輪補抓] 1608 (華榮) (原因: menu_http_error:403)
[01:35:00]   [第8輪 22/78] [待下輪補抓] 1786 (科妍) (原因: post_missing_download_link)
[01:35:02]   [第8輪 23/78] [待下輪補抓] 2204 (中華) (原因: menu_http_error:403)
[01:35:03]   [第8輪 24/78] [待下輪補抓] 2206 (三陽工業) (原因: menu_http_error:403)
[01:35:04]   [第8輪 25/78] [待下輪補抓] 2364 (倫飛) (原因: menu_http_error:403)
[01:35:09]   [第8輪 26/78] [待下輪補抓] 2376 (技嘉) (原因: menu_http_error:403)
[01:35:12]   [第8輪 27/78] [待下輪補抓] 2413 (環科) (原因: menu_http_error:403)
[01:35:12]   [第8輪 28/78] [待下輪補抓] 2414 (精技) (原因: menu_http_error:403)
[01:35:13]   [第8輪 29/78] [待下輪補抓] 2425 (承啟) (原因: menu_http_error:403)
[01:35:18]   [第8輪 30/78] [待下輪補抓] 2439 (美律) (原因: menu_http_error:403)
[01:35:21]   [第8輪 31/78] [待下輪補抓] 2444 (兆勁) (原因: post_missing_download_link)
[01:35:22]   [第8輪 32/78] [待下輪補抓] 2450 (神腦) (原因: menu_http_error:403)
[01:35:22]   [第8輪 33/78] [待下輪補抓] 2483 (百容) (原因: menu_http_error:403)
[01:35:27]   [第8輪 34/78] [待下輪補抓] 2481 (強茂) (原因: menu_http_error:403)
[01:35:30]   [第8輪 35/78] [待下輪補抓] 2482 (連宇) (原因: post_missing_download_link)
[01:35:31]   [第8輪 36/78] [待下輪補抓] 2489 (瑞軒) (原因: post_http_error:403)
[01:35:32]   [第8輪 37/78] [待下輪補抓] 2542 (興富發) (原因: menu_http_error:403)
[01:35:36]   [第8輪 38/78] [待下輪補抓] 2601 (益航) (原因: menu_http_error:403)
[01:35:40]   [第8輪 39/78] [待下輪補抓] 2883B (凱基金乙特) (原因: menu_http_error:403)
[01:35:40]   [第8輪 40/78] [待下輪補抓] 2801 (彰銀) (原因: post_missing_download_link)
[01:35:41]   [第8輪 41/78] [待下輪補抓] 3042 (晶技) (原因: post_missing_download_link)
[01:35:44]   [第8輪 42/78] [待下輪補抓] 2887F (台新新光戊特二) (原因: menu_http_error:403)
[01:35:50]   [第8輪 43/78] [待下輪補抓] 3028 (增你強) (原因: post_missing_download_link)
[01:35:50]   [第8輪 44/78] [待下輪補抓] 3138 (耀登) (原因: post_missing_download_link)
[01:35:50]   [第8輪 45/78] [待下輪補抓] 3054 (立萬利) (原因: post_missing_download_link)
[01:35:53]   [第8輪 46/78] [待下輪補抓] 3149 (正達) (原因: menu_http_error:403)
[01:35:59]   [第8輪 47/78] [待下輪補抓] 3518 (柏騰) (原因: menu_http_error:403)
[01:35:59]   [第8輪 48/78] [待下輪補抓] 4133 (亞諾法) (原因: menu_http_error:403)
[01:36:00]   [第8輪 49/78] [待下輪補抓] 5706 (鳳凰) (原因: post_missing_download_link)
[01:36:02]   [第8輪 50/78] [待下輪補抓] 5534 (長虹) (原因: post_missing_download_link)
[01:36:08]   [第8輪 51/78] [待下輪補抓] 6807 (峰源-KY) (原因: menu_http_error:403)
[01:36:09]   [第8輪 52/78] [待下輪補抓] 6931 (青松健康) (原因: menu_http_error:403)
[01:36:09]   [第8輪 53/78] [待下輪補抓] 6921 (嘉雨思-創) (原因: menu_http_error:403)
[01:36:11]   [第8輪 54/78] [待下輪補抓] 6928 (攸泰科技) (原因: post_missing_download_link)
[01:36:17]   [第8輪 55/78] [待下輪補抓] 6947 (台鎔科技) (原因: menu_http_error:403)
[01:36:18]   [第8輪 56/78] [待下輪補抓] 6949 (沛爾生醫-創) (原因: menu_http_error:403)
[01:36:18]   [第8輪 57/78] [待下輪補抓] 6951 (青新-創) (原因: menu_http_error:403)
[01:36:21]   [第8輪 58/78] [待下輪補抓] 6952 (大武山) (原因: post_missing_download_link)
[01:36:26]   [第8輪 59/78] [待下輪補抓] 6955 (邦睿生技-創) (原因: menu_http_error:403)
[01:36:27]   [第8輪 60/78] [待下輪補抓] 6957 (裕慶-KY) (原因: menu_http_error:403)
[01:36:28]   [第8輪 61/78] [待下輪補抓] 6958 (日盛台駿) (原因: menu_http_error:403)
[01:36:30]   [第8輪 62/78] [待下輪補抓] 7823 (奧義賽博-KY創) (原因: menu_http_error:403)
[01:36:35]   [第8輪 63/78] [待下輪補抓] 7827 (漢康-KY創) (原因: menu_http_error:403)
[01:36:36]   [第8輪 64/78] [待下輪補抓] 7835 (永悅健康-創) (原因: menu_http_error:403)
[01:36:37]   [第8輪 65/78] [待下輪補抓] 7855 (和運租車) (原因: menu_http_error:403)
[01:36:39]   [第8輪 66/78] [待下輪補抓] 8011 (台通) (原因: menu_http_error:403)
[01:36:45]   [第8輪 67/78] [待下輪補抓] 8016 (矽創) (原因: menu_http_error:403)
[01:36:46]   [第8輪 68/78] [待下輪補抓] 8021 (尖點) (原因: menu_http_error:403)
[01:36:47]   [第8輪 69/78] [待下輪補抓] 8046 (南電) (原因: menu_http_error:403)
[01:36:48]   [第8輪 70/78] [待下輪補抓] 8271 (宇瞻) (原因: menu_http_error:403)
[01:36:54]   [第8輪 71/78] [待下輪補抓] 8341 (日友) (原因: menu_http_error:403)
[01:36:55]   [第8輪 72/78] [待下輪補抓] 9918 (欣天然) (原因: menu_http_error:403)
[01:36:56]   [第8輪 73/78] [待下輪補抓] 9917 (中保科) (原因: menu_http_error:403)
[01:36:57]   [第8輪 74/78] [待下輪補抓] 9924 (福興) (原因: menu_http_error:403)
[01:37:03]   [第8輪 75/78] [待下輪補抓] 9921 (巨大) (原因: post_missing_download_link)
[01:37:05]   [第8輪 76/78] [待下輪補抓] 9925 (新保) (原因: menu_http_error:403)
[01:37:05]   [第8輪 77/78] [待下輪補抓] 9943 (好樂迪) (原因: menu_http_error:403)
[01:37:06]   [第8輪 78/78] [待下輪補抓] 9958 (世紀鋼) (原因: menu_http_error:403)
[01:37:06] [+] 第 8 輪補抓完成！成功救回 13/78 檔 (累計明確無資料: 0 檔 | 剩餘技術失敗: 65 檔)

--------------------------------------------------
[01:37:06] [*] 啟動第 9/10 輪精準安全補抓佇列 (待補抓: 65 檔)
[01:37:06] [*] 安全防護策略: 4-Workers 安全並行模式, 請求間隔 4.8s, 單檔 6 次重試
--------------------------------------------------
[01:37:18]   [第9輪 1/65] [待下輪補抓] 1541 (錩泰) (原因: menu_http_error:403)
[01:37:18]   [第9輪 2/65] [待下輪補抓] 1582 (信錦) (原因: menu_http_error:403)
[01:37:19]   [第9輪 3/65] [待下輪補抓] 1563 (巧新) (原因: menu_http_error:403)
[01:37:19]   [第9輪 4/65] [待下輪補抓] 1539 (巨庭) (原因: menu_http_error:403)
[01:37:27]   [第9輪 5/65] [待下輪補抓] 1603 (華電) (原因: menu_http_error:403)
[01:37:28]   [第9輪 6/65] [待下輪補抓] 1605 (華新) (原因: menu_http_error:403)
[01:37:28]   [第9輪 7/65] [待下輪補抓] 1604 (聲寶) (原因: menu_http_error:403)
[01:37:28]   [第9輪 8/65] [待下輪補抓] 1608 (華榮) (原因: menu_http_error:403)
[01:37:37]   [第9輪 9/65] [待下輪補抓] 2204 (中華) (原因: menu_http_error:403)
[01:37:37]   [第9輪 10/65] [待下輪補抓] 2206 (三陽工業) (原因: menu_http_error:403)
[01:37:37]   [第9輪 11/65] [待下輪補抓] 2364 (倫飛) (原因: menu_http_error:403)
[01:37:38]   [第9輪 12/65] [待下輪補抓] 1786 (科妍) (原因: menu_http_error:403)
[01:37:46]   [第9輪 13/65] [待下輪補抓] 2376 (技嘉) (原因: menu_http_error:403)
[01:37:47]   [第9輪 14/65] [待下輪補抓] 2413 (環科) (原因: menu_http_error:403)
[01:37:47]   [第9輪 15/65] [待下輪補抓] 2414 (精技) (原因: menu_http_error:403)
[01:37:47]   [第9輪 16/65] [待下輪補抓] 2425 (承啟) (原因: menu_http_error:403)
[01:37:56]   [第9輪 17/65] [待下輪補抓] 2450 (神腦) (原因: captcha_http_error:403)
[01:37:56]   [第9輪 18/65] [待下輪補抓] 2439 (美律) (原因: post_missing_download_link)
[01:37:56]   [第9輪 19/65] [待下輪補抓] 2444 (兆勁) (原因: post_http_error:403)
[01:37:57]   [第9輪 20/65] [待下輪補抓] 2483 (百容) (原因: menu_http_error:403)
[01:38:05]   [第9輪 21/65] [OK] 2489 (瑞軒) -> 成功補回 800 筆！
[01:38:05]   [第9輪 22/65] [OK] 2482 (連宇) -> 成功補回 43 筆！
[01:38:05]   [第9輪 23/65] [OK] 2542 (興富發) -> 成功補回 557 筆！
[01:38:05]   [第9輪 24/65] [OK] 2481 (強茂) -> 成功補回 813 筆！
[01:38:10]   [第9輪 25/65] [OK] 2601 (益航) -> 成功補回 421 筆！
[01:38:14]   [第9輪 26/65] [待下輪補抓] 2883B (凱基金乙特) (原因: menu_http_error:403)
[01:38:14]   [第9輪 27/65] [待下輪補抓] 2801 (彰銀) (原因: menu_http_error:403)
[01:38:15]   [第9輪 28/65] [OK] 3042 (晶技) -> 成功補回 758 筆！
[01:38:17]   [第9輪 29/65] [OK] 2887F (台新新光戊特二) -> 成功補回 16 筆！
[01:38:19]   [第9輪 30/65] [OK] 3028 (增你強) -> 成功補回 228 筆！
[01:38:20]   [第9輪 31/65] [OK] 3138 (耀登) -> 成功補回 153 筆！
[01:38:24]   [第9輪 32/65] [待下輪補抓] 3054 (立萬利) (原因: menu_http_error:403)
[01:38:25]   [第9輪 33/65] [OK] 3518 (柏騰) -> 成功補回 187 筆！
[01:38:25]   [第9輪 34/65] [OK] 4133 (亞諾法) -> 成功補回 50 筆！
[01:38:26]   [第9輪 35/65] [OK] 3149 (正達) -> 成功補回 556 筆！
[01:38:30]   [第9輪 36/65] [OK] 5706 (鳳凰) -> 成功補回 71 筆！
[01:38:31]   [第9輪 37/65] [OK] 5534 (長虹) -> 成功補回 264 筆！
[01:38:34]   [第9輪 38/65] [待下輪補抓] 6807 (峰源-KY) (原因: post_missing_download_link)
[01:38:36]   [第9輪 39/65] [待下輪補抓] 6931 (青松健康) (原因: post_missing_download_link)
[01:38:40]   [第9輪 40/65] [待下輪補抓] 6921 (嘉雨思-創) (原因: menu_http_error:403)
[01:38:40]   [第9輪 41/65] [待下輪補抓] 6928 (攸泰科技) (原因: menu_http_error:403)
[01:38:43]   [第9輪 42/65] [待下輪補抓] 6947 (台鎔科技) (原因: menu_http_error:403)
[01:38:45]   [第9輪 43/65] [待下輪補抓] 6949 (沛爾生醫-創) (原因: post_missing_download_link)
[01:38:49]   [第9輪 44/65] [待下輪補抓] 6951 (青新-創) (原因: menu_http_error:403)
[01:38:49]   [第9輪 45/65] [待下輪補抓] 6952 (大武山) (原因: menu_http_error:403)
[01:38:52]   [第9輪 46/65] [待下輪補抓] 6955 (邦睿生技-創) (原因: menu_http_error:403)
[01:38:54]   [第9輪 47/65] [待下輪補抓] 6957 (裕慶-KY) (原因: menu_http_error:403)
[01:38:58]   [第9輪 48/65] [待下輪補抓] 6958 (日盛台駿) (原因: menu_http_error:403)
[01:38:58]   [第9輪 49/65] [待下輪補抓] 7823 (奧義賽博-KY創) (原因: menu_http_error:403)
[01:39:01]   [第9輪 50/65] [待下輪補抓] 7827 (漢康-KY創) (原因: menu_http_error:403)
[01:39:03]   [第9輪 51/65] [待下輪補抓] 7835 (永悅健康-創) (原因: menu_http_error:403)
[01:39:07]   [第9輪 52/65] [待下輪補抓] 7855 (和運租車) (原因: post_missing_download_link)
[01:39:07]   [第9輪 53/65] [待下輪補抓] 8011 (台通) (原因: menu_http_error:403)
[01:39:11]   [第9輪 54/65] [待下輪補抓] 8016 (矽創) (原因: menu_http_error:403)
[01:39:12]   [第9輪 55/65] [待下輪補抓] 8021 (尖點) (原因: menu_http_error:403)
[01:39:16]   [第9輪 56/65] [待下輪補抓] 8046 (南電) (原因: post_missing_download_link)
[01:39:16]   [第9輪 57/65] [待下輪補抓] 8271 (宇瞻) (原因: post_missing_download_link)
[01:39:20]   [第9輪 58/65] [待下輪補抓] 8341 (日友) (原因: menu_http_error:403)
[01:39:20]   [第9輪 59/65] [待下輪補抓] 9918 (欣天然) (原因: menu_http_error:403)
[01:39:25]   [第9輪 60/65] [待下輪補抓] 9917 (中保科) (原因: menu_http_error:403)
[01:39:25]   [第9輪 61/65] [待下輪補抓] 9924 (福興) (原因: post_missing_download_link)
[01:39:29]   [第9輪 62/65] [待下輪補抓] 9921 (巨大) (原因: menu_http_error:403)
[01:39:30]   [第9輪 63/65] [待下輪補抓] 9925 (新保) (原因: menu_http_error:403)
[01:39:34]   [第9輪 64/65] [待下輪補抓] 9943 (好樂迪) (原因: menu_http_error:403)
[01:39:35]   [第9輪 65/65] [待下輪補抓] 9958 (世紀鋼) (原因: menu_http_error:403)
[01:39:35] [+] 第 9 輪補抓完成！成功救回 14/65 檔 (累計明確無資料: 0 檔 | 剩餘技術失敗: 51 檔)

--------------------------------------------------
[01:39:35] 🎯 【啟動第 10/10 輪終極收斂跑到底機制】(待補抓: 51 檔)
[01:39:35] [*] 終極防護策略: 2-Workers 溫和無干擾模式, 請求間隔 4.8s, 單檔最高 8 次深度辨識重試！
--------------------------------------------------
[01:39:47]   [第10輪 1/51] [技術失敗] 1582 (信錦) (原因: http_exception:ConnectionError)
[01:39:47]   [第10輪 2/51] [技術失敗] 1541 (錩泰) (原因: menu_http_error:403)
[01:39:57]   [第10輪 3/51] [技術失敗] 1563 (巧新) (原因: menu_http_error:403)
[01:39:58]   [第10輪 4/51] [技術失敗] 1539 (巨庭) (原因: menu_http_error:403)
[01:40:08]   [第10輪 5/51] [技術失敗] 1603 (華電) (原因: menu_http_error:403)
[01:40:08]   [第10輪 6/51] [技術失敗] 1605 (華新) (原因: menu_http_error:403)
[01:40:19]   [第10輪 7/51] [技術失敗] 1608 (華榮) (原因: menu_http_error:403)
[01:40:19]   [第10輪 8/51] [技術失敗] 1604 (聲寶) (原因: menu_http_error:403)
[01:40:29]   [第10輪 9/51] [技術失敗] 2204 (中華) (原因: menu_http_error:403)
[01:40:29]   [第10輪 10/51] [技術失敗] 2206 (三陽工業) (原因: menu_http_error:403)
[01:40:39]   [第10輪 11/51] [技術失敗] 2364 (倫飛) (原因: menu_http_error:403)
[01:40:40]   [第10輪 12/51] [技術失敗] 1786 (科妍) (原因: menu_http_error:403)
[01:40:50]   [第10輪 13/51] [技術失敗] 2376 (技嘉) (原因: menu_http_error:403)
[01:40:50]   [第10輪 14/51] [技術失敗] 2413 (環科) (原因: menu_http_error:403)
[01:41:00]   [第10輪 15/51] [技術失敗] 2414 (精技) (原因: menu_http_error:403)
[01:41:00]   [第10輪 16/51] [技術失敗] 2425 (承啟) (原因: menu_http_error:403)
[01:41:11]   [第10輪 17/51] [技術失敗] 2439 (美律) (原因: menu_http_error:403)
[01:41:11]   [第10輪 18/51] [技術失敗] 2450 (神腦) (原因: menu_http_error:403)
[01:41:22]   [第10輪 19/51] [技術失敗] 2483 (百容) (原因: menu_http_error:403)
[01:41:22]   [第10輪 20/51] [技術失敗] 2444 (兆勁) (原因: menu_http_error:403)
[01:41:32]   [第10輪 21/51] [技術失敗] 2883B (凱基金乙特) (原因: menu_http_error:403)
[01:41:33]   [第10輪 22/51] [技術失敗] 2801 (彰銀) (原因: menu_http_error:403)
[01:41:43]   [第10輪 23/51] [技術失敗] 3054 (立萬利) (原因: menu_http_error:403)
[01:41:43]   [第10輪 24/51] [技術失敗] 6807 (峰源-KY) (原因: menu_http_error:403)
[01:41:53]   [第10輪 25/51] [技術失敗] 6931 (青松健康) (原因: menu_http_error:403)
[01:41:53]   [第10輪 26/51] [技術失敗] 6921 (嘉雨思-創) (原因: menu_http_error:403)
[01:42:04]   [第10輪 27/51] [技術失敗] 6928 (攸泰科技) (原因: menu_http_error:403)
[01:42:04]   [第10輪 28/51] [技術失敗] 6947 (台鎔科技) (原因: menu_http_error:403)
[01:42:14]   [第10輪 29/51] [技術失敗] 6949 (沛爾生醫-創) (原因: menu_http_error:403)
[01:42:14]   [第10輪 30/51] [技術失敗] 6951 (青新-創) (原因: menu_http_error:403)
[01:42:25]   [第10輪 31/51] [技術失敗] 6955 (邦睿生技-創) (原因: menu_http_error:403)
[01:42:25]   [第10輪 32/51] [技術失敗] 6952 (大武山) (原因: menu_http_error:403)
[01:42:36]   [第10輪 33/51] [技術失敗] 6957 (裕慶-KY) (原因: menu_http_error:403)
[01:42:36]   [第10輪 34/51] [技術失敗] 6958 (日盛台駿) (原因: menu_http_error:403)
[01:42:46]   [第10輪 35/51] [技術失敗] 7823 (奧義賽博-KY創) (原因: menu_http_error:403)
[01:42:46]   [第10輪 36/51] [技術失敗] 7827 (漢康-KY創) (原因: menu_http_error:403)
[01:42:56]   [第10輪 37/51] [技術失敗] 7835 (永悅健康-創) (原因: menu_http_error:403)
[01:42:56]   [第10輪 38/51] [技術失敗] 7855 (和運租車) (原因: menu_http_error:403)
[01:43:06]   [第10輪 39/51] [技術失敗] 8011 (台通) (原因: menu_http_error:403)
[01:43:07]   [第10輪 40/51] [技術失敗] 8016 (矽創) (原因: menu_http_error:403)
[01:43:17]   [第10輪 41/51] [技術失敗] 8021 (尖點) (原因: menu_http_error:403)
[01:43:17]   [第10輪 42/51] [技術失敗] 8046 (南電) (原因: menu_http_error:403)
[01:43:27]   [第10輪 43/51] [技術失敗] 8271 (宇瞻) (原因: menu_http_error:403)
[01:43:27]   [第10輪 44/51] [技術失敗] 8341 (日友) (原因: menu_http_error:403)
[01:43:38]   [第10輪 45/51] [技術失敗] 9917 (中保科) (原因: menu_http_error:403)
[01:43:38]   [第10輪 46/51] [技術失敗] 9918 (欣天然) (原因: menu_http_error:403)
[01:43:48]   [第10輪 47/51] [技術失敗] 9924 (福興) (原因: menu_http_error:403)
[01:43:48]   [第10輪 48/51] [技術失敗] 9921 (巨大) (原因: menu_http_error:403)
[01:43:59]   [第10輪 49/51] [技術失敗] 9943 (好樂迪) (原因: menu_http_error:403)
[01:44:00]   [第10輪 50/51] [技術失敗] 9925 (新保) (原因: menu_http_error:403)
[01:44:09]   [第10輪 51/51] [技術失敗] 9958 (世紀鋼) (原因: post_http_error:403)
[01:44:09] [+] 第 10 輪補抓完成！成功救回 0/51 檔 (累計明確無資料: 0 檔 | 剩餘技術失敗: 51 檔)

[01:44:09] [!] 達到最大補抓輪數 (10 輪)，剩餘技術性失敗標的: 51 檔
[2026-09-17 01:44:09] [✓] TWSE 上市採集完成：共分配 1371 檔 | 有效成交產出: 1320 檔 | 明確無資料: 0 檔 | 技術失敗: 51 檔
[2026-09-17 01:44:09] [*] TWSE 技術失敗主因 Top 3: menu_http_error_403=1603, post_missing_download_link=567, post_http_error_403=73
[2026-09-17 01:44:09] >>> [階段 2/2] 啟動 TPEX 上櫃股票分點抓取 (1 Workers 瀏覽器防護模式)...
[*] [環境路由] 偵測到 💻 Local 本地端環境 ➔ 自動啟用 TPEXLocalCrawler (本地專用多進程極速引擎)
[01:44:09] >>> [本地端] TPEX 第 1/10 輪抓取啟動 (待抓: 1007 檔, Workers: 1)
[*] [啟動] TPEX 本地端極速多進程引擎 (1 個獨立 Workers 並行採集)...
[02:38:22] [+] [本地端] TPEX 第 1 輪完成：成功 999 檔，仍待補抓 0 檔
[02:38:22] [+] [本地端] TPEX 全市場上櫃股票採集完成！
[2026-09-17 02:38:22] [✓] TPEX 上櫃採集完成：共分配 1007 檔 | 有效成交產出: 999 檔 | 無成交/略過: 8 檔 | 失敗: 0 檔
[2026-09-17 02:38:22] >>> [數據整合] 彙整分點資料中...
[2026-09-17 02:38:23] [+] 總標的數: 2319 檔
[2026-09-17 02:38:23] [+] 總資料筆數: 455,896 列
[2026-09-17 02:38:23] [✓] Parquet 檔案已儲存: D:\MyProject\stock_data_downloader\output\api_absr1_2026-09-16_2026-09-16.parquet (16.55 MB, ZSTD 高度壓縮)
[2026-09-17 02:38:23] [*] 正在輸出 Excel 檔案: D:\MyProject\stock_data_downloader\output\api_absr1_2026-09-16_2026-09-16.xlsx (請稍候)...
[2026-09-17 02:40:06] [✓] Excel 檔案已儲存: D:\MyProject\stock_data_downloader\output\api_absr1_2026-09-16_2026-09-16.xlsx (33.80 MB)
==================================================
[2026-09-17 02:40:06] [OK] 本節點爬蟲任務執行完畢！
[2026-09-17 02:40:06] [*] 啟動時間: 2026-09-16 23:39:09
[2026-09-17 02:40:06] [+] 全市場掃描: 100% 完成 (共 2378 檔 | 有效成交產出: 2319 檔 | 無成交/略過: 8 檔)
[2026-09-17 02:40:06] >>> [通知推播] 檢查並發送執行成果與短缺股票日報...
[✓] Telegram 推播發送成功！(Chat ID: 1634376784)
[✓] Email 報表已寄達: ark221@gmail.com
[2026-09-17 02:40:11] [!] 本分片共有 51 檔無成交或下載逾時：
[2026-09-17 02:40:11]     - 1582 (信錦): http_exception:ConnectionError
[2026-09-17 02:40:11]     - 1541 (錩泰): menu_http_error:403
[2026-09-17 02:40:11]     - 1563 (巧新): menu_http_error:403
[2026-09-17 02:40:11]     - 1539 (巨庭): menu_http_error:403
[2026-09-17 02:40:11]     - 1603 (華電): menu_http_error:403
[2026-09-17 02:40:11]     - 1605 (華新): menu_http_error:403
[2026-09-17 02:40:11]     - 1608 (華榮): menu_http_error:403
[2026-09-17 02:40:11]     - 1604 (聲寶): menu_http_error:403
[2026-09-17 02:40:11]     - 2204 (中華): menu_http_error:403
[2026-09-17 02:40:11]     - 2206 (三陽工業): menu_http_error:403
[2026-09-17 02:40:11]     - 2364 (倫飛): menu_http_error:403
[2026-09-17 02:40:11]     - 1786 (科妍): menu_http_error:403
[2026-09-17 02:40:11]     - 2376 (技嘉): menu_http_error:403
[2026-09-17 02:40:11]     - 2413 (環科): menu_http_error:403
[2026-09-17 02:40:11]     - 2414 (精技): menu_http_error:403
[2026-09-17 02:40:11]     - 2425 (承啟): menu_http_error:403
[2026-09-17 02:40:11]     - 2439 (美律): menu_http_error:403
[2026-09-17 02:40:11]     - 2450 (神腦): menu_http_error:403
[2026-09-17 02:40:11]     - 2483 (百容): menu_http_error:403
[2026-09-17 02:40:11]     - 2444 (兆勁): menu_http_error:403
[2026-09-17 02:40:11]     - 2883B (凱基金乙特): menu_http_error:403
[2026-09-17 02:40:11]     - 2801 (彰銀): menu_http_error:403
[2026-09-17 02:40:11]     - 3054 (立萬利): menu_http_error:403
[2026-09-17 02:40:11]     - 6807 (峰源-KY): menu_http_error:403
[2026-09-17 02:40:11]     - 6931 (青松健康): menu_http_error:403
[2026-09-17 02:40:11]     - 6921 (嘉雨思-創): menu_http_error:403
[2026-09-17 02:40:11]     - 6928 (攸泰科技): menu_http_error:403
[2026-09-17 02:40:11]     - 6947 (台鎔科技): menu_http_error:403
[2026-09-17 02:40:11]     - 6949 (沛爾生醫-創): menu_http_error:403
[2026-09-17 02:40:11]     - 6951 (青新-創): menu_http_error:403
[2026-09-17 02:40:11]     - 6955 (邦睿生技-創): menu_http_error:403
[2026-09-17 02:40:11]     - 6952 (大武山): menu_http_error:403
[2026-09-17 02:40:11]     - 6957 (裕慶-KY): menu_http_error:403
[2026-09-17 02:40:11]     - 6958 (日盛台駿): menu_http_error:403
[2026-09-17 02:40:11]     - 7823 (奧義賽博-KY創): menu_http_error:403
[2026-09-17 02:40:11]     - 7827 (漢康-KY創): menu_http_error:403
[2026-09-17 02:40:11]     - 7835 (永悅健康-創): menu_http_error:403
[2026-09-17 02:40:11]     - 7855 (和運租車): menu_http_error:403
[2026-09-17 02:40:11]     - 8011 (台通): menu_http_error:403
[2026-09-17 02:40:11]     - 8016 (矽創): menu_http_error:403
[2026-09-17 02:40:11]     - 8021 (尖點): menu_http_error:403
[2026-09-17 02:40:11]     - 8046 (南電): menu_http_error:403
[2026-09-17 02:40:11]     - 8271 (宇瞻): menu_http_error:403
[2026-09-17 02:40:11]     - 8341 (日友): menu_http_error:403
[2026-09-17 02:40:11]     - 9917 (中保科): menu_http_error:403
[2026-09-17 02:40:11]     - 9918 (欣天然): menu_http_error:403
[2026-09-17 02:40:11]     - 9924 (福興): menu_http_error:403
[2026-09-17 02:40:11]     - 9921 (巨大): menu_http_error:403
[2026-09-17 02:40:11]     - 9943 (好樂迪): menu_http_error:403
[2026-09-17 02:40:11]     - 9925 (新保): menu_http_error:403
[2026-09-17 02:40:11]     - 9958 (世紀鋼): post_http_error:403
